n_shared_genres,vote_average,vote_count,is_favorite_genre,years_since_release,popularity,rating
0,7.153,7070,0,16,9.0926,4
1,7.56,11013,1,19,9.5969,4
0,6.912,11153,0,20,13.7009,2
0,7.652,27031,0,17,17.4131,1
1,4.0,4,1,0,12.5964,2
0,8.511,408,0,0,14.8404,5
0,6.883,4474,0,37,9.6875,2
0,7.4,2211,0,1,50.1532,4
0,6.4,34,0,0,9.6911,5
0,6.395,6309,0,15,16.0871,4
1,6.417,42,1,59,15.3495,1
1,7.4,1706,1,1,20.095,5
0,7.5,18503,0,10,9.3352,3
0,6.203,6019,0,13,11.8298,5
0,6.0,2,0,0,10.4539,2
1,7.376,7396,1,47,9.933,1
0,7.303,6227,0,6,11.3178,2
2,6.516,487,1,0,59.3268,5
1,6.355,1217,1,3,13.978,2
0,6.581,86,0,2,10.0164,5
1,7.085,436,1,3,9.67,1
0,5.7,59,0,34,11.0427,4
0,7.7,10790,0,50,26.0438,5
1,7.209,16093,1,18,10.9406,1
0,5.6,5,0,0,13.8776,4
1,6.486,1836,1,1,9.7584,5
1,7.536,8406,1,38,16.0142,3
0,7.266,8789,0,14,7.8794,1
0,6.717,90,0,0,13.3095,3
1,7.757,1416,1,3,9.5639,1
0,6.696,20740,0,10,26.7138,3
0,7.56,11013,0,19,9.5969,3
1,6.787,8098,1,10,8.5063,2
1,6.419,298,1,0,36.6743,5
0,5.609,7995,0,18,8.5571,2
1,8.301,15268,1,31,14.37,5
0,7.3,14645,0,11,17.9959,3
1,7.1,569,1,14,9.491,2
0,8.193,14142,0,9,16.1796,2
1,5.432,37,1,1,186.4278,4
0,6.726,3698,0,21,10.7806,4
1,6.715,17757,1,13,14.1778,5
0,5.7,59,0,34,11.0427,4
0,7.336,5339,0,41,10.6768,5
0,7.261,1286,0,1,10.8161,5
1,6.912,11153,1,20,13.7009,5
1,7.669,10790,1,50,26.0438,2
1,6.093,8211,1,8,9.2235,2
0,7.6,5,0,0,26.2608,5
1,8.089,559,1,1,22.267,2
0,7.123,57,0,6,10.7505,3
0,6.44,50,0,1,13.7859,3
1,6.696,20740,1,10,26.7138,5
1,6.844,1615,1,1,21.2215,5
0,6.75,1021,0,1,10.4684,1
1,6.762,9976,1,33,9.4694,1
0,6.093,797,0,0,33.2271,5
1,7.596,8396,1,26,15.9156,3
0,8.205,21236,0,48,21.2712,5
0,7.067,2867,0,3,12.947,4
0,5.7,59,0,34,11.0427,5
0,6.15,316,0,1,10.9638,4
0,7.217,1570,0,1,11.1147,3
1,6.134,9041,1,8,10.4192,5
1,8.75,4,1,0,73.4328,3
1,7.085,436,1,3,9.67,2
0,6.419,298,0,0,36.6743,1
1,5.9,425,1,1,13.5768,2
0,7.418,3381,0,5,7.6742,5
0,7.123,6753,0,9,36.2449,4
0,6.996,3743,0,63,8.7171,1
0,6.521,872,0,1,12.614,5
0,5.992,319,0,1,15.3475,1
1,7.338,3315,1,5,8.7228,5
0,7.227,4942,0,2,19.7435,1
0,7.153,7445,0,6,13.4238,5
0,6.853,3149,0,7,10.4891,3
0,4.0,18,0,1,133.4634,2
0,8.237,30632,0,7,33.8999,5
0,7.726,292,0,18,7.6967,1
0,7.582,14184,0,8,17.8184,2
1,7.19,17399,1,11,26.7167,2
1,5.5,23,1,33,8.602,5
1,6.38,6191,1,21,8.6354,2
1,7.855,10498,1,24,10.3077,1
0,7.657,51,0,0,145.089,2
2,7.8,15008,1,15,13.7846,5
1,6.132,38,1,0,40.6273,3
1,6.419,298,1,0,36.6743,3
1,7.144,3965,1,47,12.133,3
1,7.749,7804,1,9,19.9405,2
0,6.362,29,0,0,17.7219,3
0,7.638,120,0,2,11.5921,3
0,7.046,6859,0,75,12.2397,5
1,5.719,32,1,1,34.6663,1
1,6.86,6587,1,3,11.283,5
1,6.2,523,1,24,17.7921,1
1,6.813,8608,1,4,9.8187,1
0,8.463,9033,0,59,18.0545,2
2,6.338,3161,1,19,8.3974,5
0,6.333,60,0,0,31.2126,1
1,7.369,12476,1,15,11.0014,4
0,7.638,120,0,2,11.5921,2
0,7.476,4215,0,1,20.6108,3
0,8.564,16485,0,32,14.575,5
0,7.659,11698,0,25,8.3262,5
0,5.0,1,0,1,32.9694,2
0,5.917,619,0,1,12.2187,2
1,5.382,374,1,0,13.4979,2
2,6.407,8660,1,5,10.9669,2
1,7.245,604,1,2,10.9997,3
0,7.724,7344,0,12,8.7512,2
1,6.076,13188,1,8,9.4961,1
0,6.38,6191,0,21,8.6354,4
1,8.18,2051,1,1,35.7788,1
0,7.393,12349,0,19,14.0945,1
0,7.027,244,0,0,22.2738,3
2,6.992,4516,1,20,15.5512,4
0,8.163,12261,0,42,16.693,1
0,6.314,51,0,0,10.8938,3
0,5.1,15,0,33,14.5507,1
0,7.69,7063,0,3,16.3613,1
0,5.772,780,0,1,25.4462,2
0,7.433,2215,0,2,12.1338,1
1,6.276,5313,1,2,9.5688,4
0,6.816,16125,0,11,11.0609,3
0,5.708,36,0,0,9.5226,1
0,7.693,4700,0,23,9.618,1
0,6.446,12630,0,13,10.6531,3
0,6.2,189,0,0,25.7918,5
1,6.483,7743,1,8,11.3845,2
0,6.4,18,0,0,13.667,4
1,5.2,296,1,0,12.0983,4
0,8.209,4106,0,5,13.246,2
1,7.3,32,1,6,11.2242,2
0,6.202,8915,0,15,12.6096,3
0,7.131,8430,0,5,10.0401,2
1,8.7,21547,1,53,32.4139,3
1,7.901,28288,1,24,34.4991,4
0,7.237,19389,0,8,16.6771,5
2,7.994,551,1,0,242.0604,5
2,6.222,12085,1,17,10.9981,4
1,6.0,4985,1,18,9.5101,4
1,6.585,6540,1,10,9.0148,5
1,7.032,5537,1,7,11.1451,3
0,5.571,7,0,1,270.7634,2
0,10.0,1,0,0,12.1884,3
1,6.554,559,1,19,16.2334,1
0,7.219,9028,0,21,14.5807,1
0,6.135,4167,0,19,27.5652,5
1,6.9,337,1,1,55.551,5
0,7.704,11087,0,11,10.0203,4
2,6.957,10643,1,8,9.5476,5
0,8.092,2941,0,15,9.1148,3
2,6.86,6587,1,3,11.283,5
1,7.593,7378,1,1,44.6445,1
1,6.059,185,1,0,17.1956,2
0,0.0,0,0,0,40.1156,2
0,7.912,11810,0,24,8.784,4
0,5.488,85,0,2,8.2613,1
1,7.107,7495,1,20,11.2358,5
0,7.741,19535,0,15,20.8667,1
1,7.046,6859,1,75,12.2397,3
1,6.736,10191,1,22,9.1338,1
0,6.0,35,0,0,9.0128,3
1,6.402,498,1,0,37.7657,1
0,6.957,10643,0,8,9.5476,3
1,6.092,1301,1,1,8.8182,2
0,7.572,5157,0,3,10.2784,2
1,6.301,2249,1,1,11.7122,2
0,7.593,13109,0,17,10.0303,1
0,7.876,2623,0,32,11.9821,5
0,6.021,47,0,2,8.5721,1
1,7.6,2690,1,2,12.2615,1
1,7.041,2550,1,1,33.3073,5
1,6.315,3075,1,2,15.5635,4
0,7.447,14173,0,20,11.5066,4
1,6.11,4677,1,9,8.251,4
0,7.8,3711,0,2,63.5018,5
0,7.4,53,0,0,16.5988,4
0,6.53,286,0,0,20.8374,1
0,7.248,9937,0,6,12.503,4
1,6.512,7085,1,17,10.0738,2
1,6.0,4985,1,18,9.5101,1
1,6.862,4190,1,7,8.6744,5
0,7.5,18503,0,10,9.3352,3
1,6.961,8793,1,13,10.5428,4
0,7.6,5787,0,19,11.1453,5
1,6.576,12589,1,13,10.6174,4
0,6.747,4269,0,24,9.0959,3
0,7.751,2991,0,2,14.5516,4
1,5.75,7712,1,10,9.6504,3
0,7.267,15,0,26,12.4046,4
0,7.145,4751,0,1,40.892,2
2,6.588,182,1,0,32.9579,4
0,6.129,7066,0,25,13.4664,3
1,5.995,5025,1,9,9.6966,2
0,8.301,15268,0,31,14.37,4
1,7.142,1855,1,28,7.4981,4
0,6.6,7,0,1,11.1609,2
0,6.893,9825,0,29,9.6944,5
0,7.3,134,0,1,13.3413,5
0,7.214,1040,0,0,1179.7021,1
1,7.9,17320,1,9,11.7938,4
0,7.924,12905,0,44,11.7454,2
0,7.017,1641,0,1,9.474,4
0,7.737,59,0,0,13.2961,5
0,6.589,1594,0,1,23.0488,1
0,7.731,10178,0,34,12.8697,1
0,5.0,1,0,0,20.8354,2
0,5.0,15,0,1,8.1142,1
0,6.059,185,0,0,17.1956,3
0,6.696,20740,0,10,26.7138,3
0,6.059,185,0,0,17.1956,2
0,6.0,135,0,0,18.6399,3
1,5.143,7,1,0,9.6857,2
1,5.5,23,1,33,8.602,4
0,6.9,195,0,1,31.5548,5
1,6.649,4577,1,2,18.97,4
1,6.7,74,1,1,16.4691,3
0,5.278,18,0,9,31.3749,1
0,7.85,4549,0,4,14.8273,5
0,5.901,6818,0,7,13.7992,1
1,6.7,183,1,14,12.7656,2
0,6.131,134,0,0,7.253,5
1,7.181,10304,1,5,11.7074,4
1,7.191,6275,1,32,9.4601,3
0,7.674,19934,0,18,21.1953,5
0,7.536,8406,0,38,16.0142,4
1,7.2,395,1,14,16.2667,4
0,6.763,19,0,0,16.2542,1
0,6.41,7967,0,3,12.3231,2
0,8.2,3950,0,9,14.8268,3
0,0.0,0,0,0,40.1156,1
0,5.5,4,0,0,9.406,2
1,8.365,312,1,5,8.8543,4
1,6.407,774,1,15,20.4071,3
0,0.0,0,0,-2,19.6983,2
1,5.62,3544,1,16,24.7213,1
0,5.708,36,0,0,9.5226,1
0,5.6,71,0,4,9.1557,1
1,6.682,2828,1,2,9.9626,5
0,6.945,127,0,1,11.2555,3
1,6.835,8961,1,6,12.3351,2
1,7.258,9593,1,3,18.008,2
0,8.051,557,0,0,345.6187,4
0,8.002,8336,0,6,8.8802,5
1,9.0,2,1,1,10.7031,5
0,7.491,18431,0,7,10.5253,4
0,0.0,0,0,0,20.301,1
0,6.516,17636,0,12,10.5584,4
0,6.203,6019,0,13,11.8298,5
0,7.053,3381,0,2,11.6097,5
0,5.8,8,0,3,44.9732,2
1,7.554,5925,1,1,45.1497,4
0,7.027,244,0,0,22.2738,2
0,6.961,8793,0,13,10.5428,4
0,5.737,114,0,1,9.7075,2
1,7.1,569,1,14,9.491,3
0,6.561,529,0,0,25.8278,4
1,7.689,20225,1,10,10.7074,2
2,6.996,3743,1,63,8.7171,4
0,6.347,2760,0,2,11.4948,3
1,8.327,8399,1,28,10.7983,3
0,7.215,9139,0,10,15.3203,3
1,7.711,2706,1,0,46.7547,3
1,6.153,8039,1,14,14.3056,4
0,0.0,0,0,0,8.4564,1
0,7.0,23,0,1,48.0176,1
0,6.0,27,0,49,7.8863,4
1,8.219,16343,1,27,14.6571,2
1,8.75,4,1,1,15.3191,2
0,8.747,81,0,1,11.6492,2
0,7.315,19094,0,9,10.8484,5
0,7.549,2172,0,3,12.0059,3
0,5.2,284,0,19,8.3201,2
0,6.633,15463,0,12,12.2416,3
1,8.369,37567,1,15,29.2501,3
1,6.093,797,1,0,33.2271,4
0,6.8,9,0,1,11.582,5
2,6.059,185,1,0,17.1956,2
0,5.9,8,0,0,13.5751,3
0,5.278,18,0,9,31.3749,1
0,6.315,3075,0,2,15.5635,3
0,6.6,7,0,1,11.1609,3
1,6.782,202,1,0,8.8812,5
0,7.853,8433,0,29,11.2483,2
0,6.895,408,0,0,12.4851,1
0,7.834,9790,0,32,9.8156,2
1,7.137,1279,1,1,42.4743,5
2,8.0,2,1,0,11.8945,5
0,0.0,0,0,4,7.5111,2
0,6.2,88,0,2,10.8943,2
1,6.933,622,1,1,11.1288,3
0,7.63,14243,0,11,9.3508,4
0,5.941,8590,0,10,12.3938,5
0,4.5,52,0,1,8.4398,1
0,7.552,2664,0,7,10.6234,4
0,7.582,14184,0,8,17.8184,3
0,7.249,15478,0,13,8.2252,4
0,6.287,4404,0,22,25.1266,3
0,6.833,72,0,1,15.6493,2
0,7.818,11,0,24,12.591,4
1,5.6,8,1,1,11.396,2
0,10.0,1,0,0,12.1884,1
1,8.0,12816,1,6,8.9942,4
1,7.1,3760,1,1,17.6707,2
2,7.7,4776,1,2,11.5807,4
0,7.89,10087,0,19,10.8633,1
0,5.278,18,0,9,31.3749,1
0,7.073,82,0,1,13.0754,2
2,6.9,14,1,0,45.2905,5
0,7.382,3189,0,33,8.6373,5
1,7.623,23158,1,10,14.1673,4
1,7.189,1912,1,9,8.4906,4
1,5.5,8,1,0,32.3442,2
0,6.631,2679,0,14,12.044,3
1,7.071,1391,1,0,34.7221,5
0,6.935,11523,0,12,10.7046,1
1,6.715,17757,1,13,14.1778,5
0,6.416,3080,0,45,8.6323,2
0,7.5,4,0,0,8.207,5
0,7.229,59,0,1,14.5121,1
1,6.457,7202,1,7,10.6962,1
0,7.407,16123,0,6,14.4365,3
1,7.426,3648,1,2,11.7977,3
0,6.947,4897,0,23,6.9674,5
0,7.713,2698,0,1,59.8805,5
0,5.361,83,0,0,12.2676,1
1,4.5,6,1,1,111.3454,2
0,8.52,33967,0,17,28.1811,4
1,6.508,1842,1,0,178.9916,2
1,6.689,10655,1,20,12.3167,5
0,7.0,356,0,1,10.4176,5
0,7.5,4,0,0,8.207,1
1,6.44,50,1,1,13.7859,5
0,7.6,5377,0,28,10.0862,4
2,5.0,15,1,1,8.1142,5
0,8.175,9927,0,3,29.341,2
0,6.3,623,0,0,17.9402,4
2,6.3,10233,1,6,13.3814,2
1,8.002,8336,1,6,8.8802,5
0,7.853,8433,0,29,11.2483,3
0,7.366,16392,0,19,17.8303,3
0,2.333,3,0,43,8.4049,2
1,6.9,54,1,1,30.3148,2
1,7.218,5797,1,16,13.6414,4
0,6.521,872,0,1,12.614,4
0,7.1,190,0,0,106.4595,1
0,6.315,46,0,1,8.5915,2
1,7.785,23290,1,13,13.8961,5
1,7.931,3564,1,30,9.9193,3
0,7.704,11087,0,11,10.0203,1
0,8.065,8283,0,20,13.7492,5
0,7.914,8775,0,12,11.1107,3
0,6.115,1681,0,2,11.2287,5
0,6.1,66,0,0,21.0336,1
0,7.222,6894,0,10,9.7166,2
0,5.559,17,0,0,10.8657,5
0,5.3,11,0,1,9.6946,2
0,8.122,10840,0,38,8.5648,5
0,7.052,1376,0,1,16.9578,4
2,7.584,21189,1,8,14.2372,5
0,7.293,10451,0,16,10.8823,3
0,7.8,1503,0,2,10.0173,2
0,6.383,7566,0,15,12.3193,2
1,0.0,0,1,48,45.8714,5
0,6.129,7066,0,25,13.4664,5
1,6.924,7216,1,12,11.3686,4
1,7.4,4703,1,19,8.0081,3
2,5.8,240,1,1,17.409,5
0,6.355,1217,0,3,13.978,3
0,6.633,15463,0,12,12.2416,1
2,7.582,14184,1,8,17.8184,5
0,6.9,44,0,0,16.2761,1
0,6.837,8163,0,27,10.569,3
0,7.818,11,0,24,12.591,4
1,8.204,16573,1,19,12.3041,5
0,7.432,2322,0,25,13.7508,1
0,7.669,10790,0,50,26.0438,5
0,7.393,12349,0,19,14.0945,4
0,6.115,1681,0,2,11.2287,4
0,6.889,1223,0,7,8.9778,2
1,7.675,9875,1,11,73.0311,4
1,7.3,9575,1,41,9.3705,1
1,7.417,12,1,0,12.1754,1
0,7.003,21906,0,14,8.7547,2
1,6.898,12793,1,10,9.0454,5
0,6.914,13007,0,11,11.2227,4
1,7.181,10304,1,5,11.7074,3
0,0.0,0,0,-1,11.8602,1
0,7.92,7653,0,30,13.5927,1
1,7.653,11494,1,33,10.1045,3
0,8.005,102,0,0,9.6012,1
1,6.44,50,1,1,13.7859,2
1,7.741,19535,1,15,20.8667,4
1,6.8,1235,1,8,15.9671,1
0,7.254,132,0,92,6.5071,2
0,6.929,4184,0,21,13.7097,2
0,7.713,2698,0,1,59.8805,3
0,8.1,10341,0,2,28.4046,1
0,0.0,0,0,0,8.346,1
0,7.421,9517,0,21,8.8423,3
1,7.058,11291,1,22,10.3564,2
1,7.087,4229,1,1,21.3922,1
1,7.5,15688,1,9,10.3443,3
0,7.924,7454,0,4,12.877,3
0,6.129,7066,0,25,13.4664,4
0,8.0,2,0,0,13.2217,4
0,7.009,3535,0,31,9.0832,1
0,5.985,379,0,1,16.4918,3
0,6.622,4622,0,18,55.281,5
0,5.7,59,0,34,11.0427,2
1,8.0,2,1,0,12.2386,3
1,5.9,4440,1,23,63.3145,2
0,6.0,4,0,1,14.4796,3
0,6.643,7217,0,13,8.5444,2
1,7.397,6964,1,26,10.9687,4
1,7.153,7445,1,6,13.4238,4
0,7.075,2485,0,1,91.1579,5
0,7.206,2115,0,2,12.0506,5
1,5.864,5638,1,13,8.9573,2
0,7.003,21906,0,14,8.7547,5
1,7.656,10973,1,3,17.7185,4
0,9.0,2,0,1,10.7031,1
1,6.259,266,1,1,19.764,5
0,6.3,623,0,0,17.9402,4
1,6.861,6807,1,5,8.5853,3
0,8.1,8270,0,37,13.3967,4
0,4.059,17,0,1,8.5823,2
0,6.931,137,0,1,7.7329,5
1,8.163,12261,1,42,16.693,1
2,6.769,21555,1,14,11.3984,5
1,6.462,9052,1,13,17.4456,1
0,6.0,27,0,49,7.8863,1
0,4.603,34,0,0,17.9545,1
0,6.668,1501,0,1,14.7435,1
0,7.119,5081,0,18,9.0223,5
0,7.69,7063,0,3,16.3613,4
1,6.934,3292,1,2,10.3134,2
1,7.944,20831,1,4,26.5022,4
0,7.724,3123,0,15,10.842,2
0,6.791,572,0,1,9.4533,4
0,6.871,31,0,0,236.7301,5
2,7.105,2654,1,2,10.4277,4
0,6.132,38,0,0,40.6273,3
0,7.8,1503,0,2,10.0173,2
1,6.024,6446,1,21,8.8554,4
1,6.821,13920,1,8,8.7927,3
2,6.276,5313,1,2,9.5688,4
0,7.194,2627,0,1,17.8696,4
1,7.572,5157,1,3,10.2784,4
0,6.677,147,0,0,12.8497,1
0,6.947,4897,0,23,6.9674,3
0,7.584,21189,0,8,14.2372,4
0,6.345,653,0,0,12.3767,4
0,6.53,286,0,0,20.8374,3
1,6.383,7566,1,15,12.3193,3
0,7.364,6551,0,4,10.236,1
1,7.456,13117,1,7,10.8261,5
0,7.741,19535,0,15,20.8667,4
1,7.061,3111,1,1,37.2404,1
0,6.153,8039,0,14,14.3056,5
0,7.7,4776,0,2,11.5807,3
0,8.712,28453,0,31,31.6394,4
0,7.554,5925,0,1,45.1497,4
1,7.456,13117,1,7,10.8261,4
0,6.009,281,0,1,8.2247,3
1,8.301,15268,1,31,14.37,3
0,6.153,8039,0,14,14.3056,5
0,7.623,23158,0,10,14.1673,5
0,7.906,26070,0,28,33.1777,4
0,6.129,7066,0,25,13.4664,3
0,6.153,36,0,9,9.281,4
0,7.918,1496,0,3,8.5415,2
0,5.806,315,0,0,16.2067,4
0,7.447,16086,0,8,8.9196,1
1,7.417,12,1,0,12.1754,2
0,6.3,150,0,1,11.0058,5
0,4.446,37,0,45,9.5794,1
1,5.556,531,1,21,9.1749,2
0,7.428,13941,0,6,11.5234,2
2,8.369,37567,1,15,29.2501,5
1,6.383,7566,1,15,12.3193,4
0,7.875,14283,0,21,9.1787,4
0,7.555,11059,0,28,13.257,5
0,5.25,4,0,0,9.7425,2
0,6.945,127,0,1,11.2555,3
1,0.0,0,1,0,14.3547,2
0,0.0,0,0,0,16.8555,2
0,6.477,729,0,1,18.1001,3
0,6.948,2543,0,1,19.58,5
0,6.276,5313,0,2,9.5688,4
0,8.414,10803,0,50,9.8216,5
0,8.301,11694,0,36,10.646,1
2,7.421,9517,1,21,8.8423,5
0,6.203,6019,0,13,11.8298,3
0,6.83,2506,0,1,13.6918,4
0,7.201,867,0,0,223.2411,4
1,0.0,0,1,0,12.1567,1
0,6.554,559,0,19,16.2334,2
0,7.486,8939,0,4,12.5913,2
1,8.505,18150,1,26,16.4553,2
0,8.397,10346,0,21,16.4234,3
1,7.2,478,1,2,9.4084,4
0,0.0,0,0,0,8.4564,2
1,0.0,0,1,0,25.888,4
0,6.9,2594,0,2,13.8445,5
0,7.393,12349,0,19,14.0945,2
0,7.35,5404,0,27,10.553,1
0,6.5,6,0,0,8.5354,5
0,5.906,1783,0,19,8.9313,3
1,4.923,52,1,0,54.1654,2
0,5.9,5,0,52,60.1926,2
0,4.5,12,0,2,31.6173,2
1,6.315,3075,1,2,15.5635,1
1,6.7,14,1,0,18.7089,4
0,4.059,17,0,1,8.5823,1
0,6.088,17,0,0,17.3214,2
2,6.9,151,1,0,68.2342,4
1,6.794,936,1,4,10.6702,2
0,6.961,8793,0,13,10.5428,1
0,6.5,2,0,0,9.8541,2
0,6.5,35,0,6,8.8332,4
0,6.929,560,0,0,334.9235,4
0,7.201,867,0,0,223.2411,3
0,8.282,4553,0,57,12.6178,2
2,6.876,14359,1,7,9.9031,4
0,6.9,14,0,0,45.2905,4
1,6.66,6421,1,3,24.0001,3
0,7.224,1421,0,2,8.7103,3
0,6.711,9949,0,19,10.0697,1
0,8.486,25160,0,22,19.1845,1
0,5.8,60,0,23,10.2162,2
0,6.424,119,0,0,95.8215,4
1,7.675,9875,1,11,73.0311,2
0,7.382,3189,0,33,8.6373,4
1,7.59,32317,1,16,20.7794,5
0,8.147,18997,0,27,16.4727,1
0,6.726,3698,0,21,10.7806,1
1,7.187,2943,1,22,7.5552,1
0,6.322,76,0,0,15.0078,2
1,6.698,63,1,0,66.7897,3
0,6.9,337,0,1,55.551,3
0,7.611,5607,0,4,15.2433,5
0,5.981,18321,0,9,15.7389,1
0,7.9,6,0,0,10.2061,5
0,4.834,338,0,18,9.1875,1
0,7.491,18431,0,7,10.5253,3
0,7.903,16128,0,42,10.0584,2
0,6.488,10739,0,14,11.5149,4
1,6.6,14262,1,15,14.1406,4
0,8.201,24596,0,15,14.9776,1
1,2.7,3,1,2,8.6147,2
2,5.981,18322,1,9,15.7389,5
0,6.652,12262,0,8,10.9314,3
1,6.677,147,1,0,12.8497,1
1,6.929,560,1,0,334.9235,5
0,7.138,4153,0,3,16.7718,3
1,6.0,2,1,0,10.4539,1
1,7.067,2867,1,3,12.947,4
1,7.657,51,1,0,145.089,1
1,6.821,13920,1,8,8.7927,5
0,6.299,1620,0,2,10.8871,4
0,8.747,81,0,1,11.6492,4
0,7.971,17910,0,22,10.9498,5
0,5.759,2695,0,16,7.9376,1
1,7.108,10381,1,6,18.0087,2
1,7.785,23290,1,13,13.8961,5
0,6.622,6108,0,25,34.999,2
0,7.447,11900,0,24,10.3136,4
2,5.629,4818,1,7,10.7311,3
0,7.95,12086,0,26,8.9847,3
0,7.781,13629,0,4,21.8334,2
0,5.903,1729,0,3,32.793,5
2,5.238,61,1,37,6.5629,5
0,6.449,414,0,0,18.7765,2
1,7.181,10304,1,5,11.7074,1
0,7.216,22426,0,13,9.6095,3
1,6.501,7337,1,15,9.2419,5
0,5.0,15,0,1,8.1142,2
1,8.178,15343,1,25,10.0847,3
1,6.649,4577,1,2,18.97,1
0,8.446,13405,0,28,11.3168,4
0,6.145,3729,0,14,28.4536,5
0,7.2,50,0,1,10.9641,2
0,7.371,7938,0,37,8.6815,5
2,7.944,20831,1,4,26.5022,4
0,7.717,13177,0,35,10.1337,3
0,6.416,3080,0,45,8.6323,2
1,6.448,126,1,1,10.1479,3
0,8.131,1752,0,4,10.3538,5
0,7.261,1286,0,1,10.8161,3
0,6.576,12589,0,13,10.6174,2
0,6.376,6005,0,4,9.4133,3
0,8.175,9927,0,3,29.341,4
1,8.073,1282,1,1,18.1084,2
1,7.914,8775,1,12,11.1107,5
0,6.734,10594,0,10,11.2499,4
1,7.432,2322,1,25,13.7508,4
1,6.153,36,1,9,9.281,4
1,6.222,12085,1,17,10.9981,5
0,6.301,2249,0,1,11.7122,5
1,0.0,0,1,0,20.1309,1
0,5.2,284,0,19,8.3201,1
0,6.8,1281,0,3,10.2836,5
0,6.66,6421,0,3,24.0001,4
1,6.418,79,1,0,83.3835,2
1,5.857,7,1,0,44.0502,4
0,8.0,2,0,0,13.2217,5
1,7.428,13941,1,6,11.5234,5
0,8.379,9560,0,23,9.5085,3
1,5.7,111,1,0,14.4681,3
0,6.222,9,0,5,19.3577,1
2,7.043,4269,1,3,15.8389,5
1,6.944,9351,1,26,14.1136,4
2,6.3,623,1,0,17.9402,4
1,5.526,38,1,1,10.2761,3
1,6.689,10655,1,20,12.3167,2
0,4.0,1,0,1,9.0296,1
0,8.327,8399,0,28,10.7983,1
0,7.971,17910,0,22,10.9498,5
0,7.954,10156,0,39,10.8264,4
1,6.861,6807,1,5,8.5853,1
1,6.53,286,1,0,20.8374,3
0,6.813,8608,0,4,9.8187,4
0,6.299,1620,0,2,10.8871,3
1,7.119,1658,1,1,8.2501,2
0,4.5,12,0,2,31.6173,2
2,7.652,27031,1,17,17.4131,4
2,7.773,1804,1,3,13.368,4
0,6.83,2506,0,1,13.6918,4
1,6.933,3736,1,7,8.957,4
0,6.694,8138,0,7,19.7886,2
1,6.11,4677,1,9,8.251,4
1,7.478,9122,1,4,9.8928,3
0,4.5,2,0,3,8.8409,2
0,7.33,6263,0,38,12.0587,1
0,5.488,85,0,2,8.2613,1
0,5.708,36,0,0,9.5226,1
0,0.0,0,0,0,20.1309,1
0,7.833,630,0,3,8.5328,1
1,7.145,4751,1,1,40.892,5
1,7.724,7344,1,12,8.7512,5
1,6.2,523,1,24,17.7921,4
0,7.207,902,0,1,12.588,3
1,5.557,1207,1,1,12.7848,1
1,7.619,9754,1,2,26.1663,5
1,8.0,12816,1,6,8.9942,1
0,6.483,7743,0,8,11.3845,1
0,6.2,46,0,22,10.8505,4
0,6.0,35,0,0,9.0128,1
1,6.996,3743,1,63,8.7171,4
1,7.75,6643,1,6,60.3108,5
0,6.0,1,0,0,13.1245,4
0,6.606,3997,0,25,9.3496,5
1,7.85,4549,1,4,14.8273,3
0,7.022,2464,0,1,12.2464,1
0,6.41,7967,0,3,12.3231,3
0,7.226,5715,0,35,14.5885,1
1,7.9,6,1,0,10.2061,4
0,7.237,19389,0,8,16.6771,1
0,6.163,147,0,0,13.7139,3
1,6.6,2098,1,1,11.2521,5
1,7.944,20831,1,4,26.5022,2
0,6.739,2664,0,6,8.8938,1
0,8.042,179,0,0,37.6656,4
1,6.379,7236,1,24,10.3166,1
0,6.163,147,0,0,13.7139,2
0,7.931,3564,0,30,9.9193,3
1,6.707,3536,1,1,33.1116,1
0,7.367,3242,0,3,16.1675,1
0,5.556,531,0,21,9.1749,2
0,8.0,15234,0,11,9.8404,3
0,0.0,0,0,-1,11.8602,1
0,7.4,53,0,0,16.5988,2
0,7.781,13630,0,4,21.8334,5
1,8.159,15363,1,19,10.3975,4
1,8.377,15698,1,11,15.601,2
0,7.599,14195,0,26,20.1247,2
0,6.889,1223,0,7,8.9778,5
0,6.1,66,0,0,21.0336,1
0,6.74,154,0,0,219.3617,2
1,6.417,42,1,59,15.3495,1
1,8.426,27,1,0,95.2883,3
2,7.756,3142,1,3,13.7818,5
1,7.89,10087,1,19,10.8633,2
1,7.552,2664,1,7,10.6234,2
1,7.907,9969,1,27,17.0911,5
1,0.0,0,1,0,8.346,1
0,6.5,35,0,6,8.8332,4
0,6.831,1829,0,1,8.9196,1
1,6.813,8608,1,4,9.8187,5
0,8.18,2051,0,1,35.7788,2
0,4.5,2,0,3,8.8409,2
0,7.167,4547,0,29,10.2905,2
1,8.1,19275,1,17,15.6633,5
2,6.698,63,1,0,66.7897,5
0,6.762,9976,0,33,9.4694,3
0,6.726,3698,0,21,10.7806,1
0,7.207,902,0,1,12.588,4
0,7.463,8533,0,35,12.2165,2
0,0.0,0,0,0,8.7805,1
0,8.52,33967,0,17,28.1811,3
0,7.8,555,0,1,8.1649,4
0,6.763,19,0,0,16.2542,5
1,6.315,46,1,1,8.5915,2
0,6.711,2193,0,2,13.2825,3
0,7.263,6330,0,26,9.8963,1
1,6.794,936,1,4,10.6702,4
1,6.912,11153,1,20,13.7009,2
0,0.0,0,0,1,330.1801,1
1,7.363,13651,1,23,16.3873,4
0,7.931,12685,0,9,19.4733,5
0,6.722,519,0,0,12.9495,3
1,8.131,1752,1,4,10.3538,5
0,5.824,1472,0,3,10.4244,5
1,5.6,71,1,4,9.1557,4
0,6.383,7566,0,15,12.3193,3
1,7.1,569,1,14,9.491,3
0,5.787,9495,0,20,8.3104,2
1,8.346,7641,1,2,26.5544,3
0,7.467,6262,0,28,11.7783,4
0,7.181,10304,0,5,11.7074,2
1,4.5,6,1,1,111.3454,3
1,7.549,1563,1,0,197.5341,1
1,7.26,14746,1,18,15.6812,1
0,7.187,2943,0,22,7.5552,2
1,7.118,8127,1,9,12.2632,1
0,7.813,16,0,0,28.3036,1
1,7.237,19389,1,8,16.6771,2
0,6.3,10233,0,6,13.3814,5
1,6.83,8111,1,11,8.4707,5
0,6.0,4,0,1,14.4796,5
1,7.022,2464,1,1,12.2464,4
0,7.84,1285,0,6,10.1426,2
0,6.717,3505,0,1,44.9284,1
0,6.3,20,0,0,12.3584,1
0,6.467,15,0,1,19.395,5
1,5.629,4818,1,7,10.7311,1
0,8.52,33967,0,17,28.1811,2
0,8.397,10346,0,21,16.4234,3
1,6.853,3150,1,7,10.4891,4
0,7.8,555,0,1,8.1649,2
0,0.0,0,0,2,11.1906,2
1,6.923,39,1,12,8.0408,5
1,6.576,805,1,1,10.3657,4
0,7.5,18503,0,10,9.3352,3
0,8.157,12857,0,28,14.749,5
1,5.995,5025,1,9,9.6966,1
0,6.53,286,0,0,20.8374,2
1,7.85,14592,1,12,13.1816,1
0,6.682,2828,0,2,9.9626,2
0,6.816,16125,0,11,11.0609,3
2,7.584,21189,1,8,14.2372,4
0,4.333,6,0,30,7.2581,1
0,6.024,6446,0,21,8.8554,2
2,8.127,13370,1,34,13.8047,5
0,6.131,134,0,0,7.253,2
1,7.659,11698,1,25,8.3262,1
1,6.3,623,1,0,17.9402,4
1,6.424,119,1,0,95.8215,5
0,6.5,4270,0,11,11.0572,1
0,6.589,1594,0,1,23.0488,2
1,6.689,10655,1,20,12.3167,3
0,7.9,6,0,0,10.2061,4
0,7.731,10178,0,34,12.8697,3
0,7.626,17122,0,10,12.0376,2
2,6.517,13218,1,9,9.3288,5
1,7.3,7988,1,7,11.4281,4
0,6.321,201,0,2,9.0865,2
1,7.397,6964,1,26,10.9687,5
1,6.481,3433,1,18,9.0806,3
0,7.8,17561,0,18,18.6812,4
1,5.083,12,1,9,8.6794,1
1,6.555,118,1,0,8.7351,1
0,6.844,7405,0,6,14.7184,3
0,6.797,4184,0,24,10.2653,3
0,6.419,298,0,0,36.6743,4
0,6.3,20,0,0,12.3584,4
0,7.046,6859,0,75,12.2397,2
0,6.715,17757,0,13,14.1778,4
1,7.584,21189,1,8,14.2372,3
0,6.942,2191,0,1,26.9826,1
0,7.043,15492,0,20,14.0929,2
0,8.313,5077,0,1,43.5382,2
2,7.33,22260,1,8,18.2811,4
0,5.708,36,0,0,9.5226,1
0,6.0,1,0,1,61.3042,1
0,7.3,9575,0,41,9.3705,3
0,7.341,17696,0,8,9.886,4
0,6.516,17636,0,12,10.5584,2
0,8.227,26472,0,26,22.2529,2
1,8.086,21070,1,14,19.6299,5
0,7.623,31671,0,9,15.118,5
1,6.6,4731,1,3,9.9544,2
0,8.0,12816,0,6,8.9942,4
1,4.446,37,1,45,9.5794,5
1,7.188,597,1,0,81.8966,1
1,6.618,6491,1,17,8.462,3
1,6.996,3743,1,63,8.7171,3
0,8.397,10346,0,21,16.4234,1
0,6.947,4897,0,23,6.9674,2
0,6.28,3470,0,35,9.9724,2
1,5.9,425,1,1,13.5768,3
1,5.9,8,1,0,13.5751,5
1,6.524,7224,1,17,8.5634,5
0,7.441,8555,0,7,19.1353,3
0,7.977,16142,0,23,14.2121,2
1,6.418,79,1,0,83.3835,5
0,7.304,3637,0,1,22.2198,2
2,8.486,25160,1,22,19.1845,5
0,7.623,31671,0,9,15.118,2
0,7.611,5607,0,4,15.2433,3
0,6.446,12630,0,13,10.6531,2
0,7.333,15844,0,12,12.6625,3
2,6.554,559,1,19,16.2334,5
0,8.301,11694,0,36,10.646,5
0,4.446,37,0,45,9.5794,1
1,7.358,18823,1,13,14.5325,4
1,6.816,16125,1,11,11.0609,2
0,6.773,22,0,10,15.951,1
0,6.036,28,0,1,44.4304,1
1,7.181,10304,1,5,11.7074,5
0,6.395,6309,0,15,16.0871,5
0,6.757,109,0,0,19.3058,3
1,7.456,13117,1,7,10.8261,3
1,6.467,15,1,1,19.395,3
0,5.901,6818,0,7,13.7992,3
0,8.3,157,0,1,10.8544,2
1,8.5,11814,1,9,19.1913,1
1,6.461,1208,1,1,9.4721,2
0,5.8,5,0,0,9.6984,5
1,6.9,54,1,1,30.3148,4
1,7.6,6632,1,23,59.1293,2
0,7.743,4732,0,39,9.1141,5
0,5.9,8,0,0,13.5751,1
1,8.073,1282,1,1,18.1084,3
0,7.237,19389,0,8,16.6771,3
1,7.478,9122,1,4,9.8928,4
1,6.41,7967,1,3,12.3231,1
0,5.454,2068,0,15,8.8777,1
0,6.2,46,0,22,10.8505,5
0,7.876,2623,0,32,11.9821,5
1,5.526,38,1,1,10.2761,3
0,6.283,664,0,4,14.9847,3
1,5.8,60,1,23,10.2162,2
0,4.446,37,0,45,9.5794,2
0,7.333,6,0,0,32.2775,3
0,8.0,2,0,0,13.2217,5
0,6.418,79,0,0,83.3835,1
0,6.5,11,0,10,10.3121,4
0,5.85,1076,0,1,15.1082,4
0,6.41,7967,0,3,12.3231,3
1,7.84,1285,1,6,10.1426,4
1,6.036,28,1,1,44.4304,3
0,5.978,2896,0,28,9.4609,4
0,8.205,8583,0,14,10.8887,3
0,7.058,11291,0,22,10.3564,1
0,7.731,10178,0,34,12.8697,3
0,6.955,2224,0,1,16.5434,4
0,7.292,909,0,2,11.6141,2
1,8.163,12261,1,42,16.693,1
0,6.2,9,0,0,20.7767,3
1,5.903,1729,1,3,32.793,5
1,6.717,3505,1,1,44.9284,4
0,6.0,1,0,0,13.1245,1
1,6.37,2797,1,22,10.3425,4
0,6.299,1620,0,2,10.8871,1
1,7.363,13651,1,23,16.3873,5
1,7.656,19199,1,11,8.602,1
1,8.3,6,1,0,11.8863,1
0,7.613,22038,0,8,14.3595,3
0,5.864,11,0,1,31.9908,1
1,8.215,8250,1,3,21.0949,1
1,7.781,13629,1,4,21.8334,2
0,5.493,67,0,50,8.0104,2
1,7.386,5952,1,24,9.8758,2
0,7.351,8066,0,36,11.9942,4
0,5.901,6818,0,7,13.7992,5
1,6.711,9949,1,19,10.0697,5
0,6.961,8793,0,13,10.5428,3
0,8.712,28453,0,31,31.6394,1
2,8.423,26054,1,24,23.5741,5
1,5.99,9381,1,16,10.9478,1
0,7.971,17910,0,22,10.9498,4
1,7.94,14189,1,43,10.3528,2
1,7.675,9875,1,11,73.0311,5
1,7.763,32084,1,13,32.0941,2
0,4.059,17,0,1,8.5823,2
0,6.2,9,0,0,20.7767,4
1,5.901,6818,1,7,13.7992,5
1,0.0,0,1,1,330.1801,1
0,6.816,16125,0,11,11.0609,5
1,7.1,569,1,14,9.491,2
0,7.971,17910,0,22,10.9498,3
0,6.123,1436,0,18,8.3413,5
0,6.677,147,0,0,12.8497,1
1,7.956,16812,1,32,11.2877,3
0,6.203,6019,0,13,11.8298,4
0,7.6,6632,0,23,59.1293,3
1,7.903,16128,1,42,10.0584,5
0,6.855,6039,0,8,13.13,2
0,5.917,619,0,1,12.2187,4
1,6.027,94,1,0,9.5028,2
1,5.978,2896,1,28,9.4609,3
1,6.924,7216,1,12,11.3686,4
0,6.678,3488,0,3,11.2199,4
0,6.3,20,0,0,12.3584,4
0,6.406,3607,0,6,10.4981,4
0,7.088,335,0,0,124.3866,4
0,7.463,8533,0,35,12.2165,2
2,7.344,109,1,0,181.447,5
0,7.9,11482,0,12,9.1395,1
0,6.781,1718,0,23,8.5586,1
0,8.227,26472,0,26,22.2529,2
2,7.386,5952,1,24,9.8758,5
0,6.027,94,0,0,9.5028,4
0,4.5,52,0,1,8.4398,1
1,7.528,10890,1,18,8.2771,1
0,6.739,2664,0,6,8.8938,3
1,8.327,8399,1,28,10.7983,4
2,7.95,12086,1,26,8.9847,5
2,6.736,10191,1,22,9.1338,5
1,7.773,1804,1,3,13.368,4
1,0.0,0,1,0,20.1309,3
1,5.559,17,1,0,10.8657,1
0,5.886,101,0,16,44.3796,4
1,5.824,1472,1,3,10.4244,5
1,6.895,408,1,0,12.4851,2
1,6.851,255,1,0,11.0922,3
1,7.206,2115,1,2,12.0506,5
1,8.227,26472,1,26,22.2529,5
0,6.314,7664,0,10,11.8486,3
0,7.258,9593,0,3,18.008,5
0,4.834,338,0,18,9.1875,1
1,7.249,15478,1,13,8.2252,1
1,6.698,63,1,0,66.7897,3
0,8.03,333,0,0,349.6505,4
0,7.1,84,0,1,9.5445,3
1,6.757,109,1,0,19.3058,1
1,6.2,20,1,1,10.9215,2
0,7.0,6859,0,75,12.2397,2
0,8.23,12048,0,7,10.1572,3
0,6.8,36,0,1,18.3959,3
0,7.317,891,0,1,10.7508,5
0,7.293,10451,0,16,10.8823,2
0,0.0,0,0,0,10.4518,1
1,6.944,9351,1,26,14.1136,5
1,7.611,5607,1,4,15.2433,4
1,5.933,208,1,0,15.554,4
0,7.138,4153,0,3,16.7718,2
1,5.62,3544,1,16,24.7213,1
1,5.78,4298,1,19,8.4323,4
0,7.266,8789,0,14,7.8794,5
0,7.248,9937,0,6,12.503,2
0,6.945,127,0,1,11.2555,1
1,7.467,6262,1,28,11.7783,2
1,6.301,2249,1,1,11.7122,2
0,6.696,365,0,1,9.8312,2
0,6.96,226,0,0,17.3502,4
0,6.929,560,0,0,334.9235,5
0,6.711,2193,0,2,13.2825,4
1,5.559,17,1,0,10.8657,1
1,6.745,6842,1,14,9.9988,5
0,7.638,120,0,2,11.5921,2
0,7.63,73,0,0,11.9561,2
0,5.857,7,0,0,44.0502,2
1,7.9,17320,1,9,11.7938,1
2,7.087,4228,1,1,21.3922,5
2,7.009,3535,1,31,9.0832,5
1,7.513,5871,1,40,10.2544,3
0,7.395,11517,0,17,12.8799,1
0,0.0,0,0,-1,11.8602,2
1,7.924,12905,1,44,11.7454,5
1,6.157,8921,1,8,11.7133,1
0,8.042,179,0,0,37.6656,5
1,7.3,19653,1,23,17.1752,4
1,6.831,1829,1,1,8.9196,3
0,8.313,5077,0,1,43.5382,4
0,6.407,774,0,15,20.4071,3
2,7.5,7605,1,28,12.1287,5
0,6.773,22,0,10,15.951,1
1,7.92,7653,1,30,13.5927,4
0,6.349,53,0,1,7.876,4
2,7.447,14173,1,20,11.5066,4
0,6.717,90,0,0,13.3095,2
0,6.871,31,0,0,236.7301,1
0,6.024,6446,0,21,8.8554,2
0,6.944,9351,0,26,14.1136,2
1,7.539,12336,1,11,20.3807,4
1,6.889,1223,1,7,8.9778,2
0,8.127,13370,0,34,13.8047,1
0,6.6,653,0,49,9.7775,1
1,6.81,63,1,0,44.2599,1
1,6.996,3743,1,63,8.7171,2
0,7.119,5081,0,18,9.0223,4
0,6.446,12630,0,13,10.6531,4
0,8.258,18804,0,31,16.7873,3
0,7.308,9961,0,5,14.7923,1
1,6.157,8921,1,8,11.7133,5
1,6.3,192,1,1,7.6052,3
0,6.909,12729,0,12,11.9005,2
0,8.322,704,0,0,23.2582,2
1,7.247,16901,1,12,20.5656,4
0,8.398,16199,0,7,15.3527,3
0,5.0,15,0,1,8.1142,2
0,6.696,365,0,1,9.8312,3
0,7.4,2211,0,1,50.1532,1
1,8.215,22926,1,16,17.6403,2
0,8.0,6,0,1,17.0095,3
0,7.35,5404,0,27,10.553,3
1,7.046,6859,1,75,12.2397,1
2,6.554,559,1,19,16.2334,5
1,6.734,10594,1,10,11.2499,4
0,6.605,3112,0,2,15.8529,2
1,6.475,322,1,1,9.1344,5
0,5.361,83,0,0,12.2676,2
1,7.675,9875,1,11,73.0311,3
1,7.1,677,1,0,412.5716,1
0,5.824,1472,0,3,10.4244,1
1,6.762,9976,1,33,9.4694,4
1,6.705,5845,1,14,10.2217,1
0,5.361,83,0,0,12.2676,1
0,8.03,333,0,0,349.6505,2
0,7.8,21225,0,20,23.5277,5
1,6.633,15462,1,12,12.2416,5
0,6.893,9825,0,29,9.6944,5
0,7.362,2603,0,4,10.0133,2
0,6.871,31,0,0,236.7301,1
0,7.994,551,0,0,242.0604,4
1,7.249,15478,1,13,8.2252,5
1,7.33,22260,1,8,18.2811,2
1,6.925,214,1,0,19.1363,1
1,6.86,6587,1,3,11.283,4
0,7.903,16128,0,42,10.0584,5
0,7.8,7179,0,20,8.4541,4
1,4.603,34,1,0,17.9545,4
0,7.447,19776,0,11,14.5967,1
2,6.893,9825,1,29,9.6944,4
0,6.342,2698,0,7,11.2424,3
2,8.0,3,1,2,327.0199,5
2,6.38,6191,1,21,8.6354,1
0,7.893,8410,0,16,27.5645,3
0,7.803,8560,0,4,14.5784,4
0,0.0,0,0,48,45.8714,1
2,7.249,15432,1,15,11.6972,5
0,6.283,664,0,4,14.9847,2
1,7.441,8555,1,7,19.1353,3
0,7.714,14,0,0,45.1978,3
2,7.652,27031,1,17,17.4131,5
0,7.659,11698,0,25,8.3262,3
0,7.0,262,0,15,20.2934,3
0,4.5,12,0,2,31.6173,2
1,6.145,3729,1,14,28.4536,5
0,6.833,72,0,1,15.6493,5
1,7.729,15933,1,11,18.673,3
0,7.167,4547,0,29,10.2905,3
0,8.327,8399,0,28,10.7983,5
1,7.469,6855,1,4,9.8559,5
0,5.382,374,0,0,13.4979,1
1,7.043,7437,1,14,9.7628,2
1,6.2,46,1,22,10.8505,5
1,5.78,4693,1,16,8.5007,5
1,5.806,315,1,0,16.2067,2
0,7.043,7437,0,14,9.7628,4
1,6.961,8793,1,13,10.5428,1
1,6.615,48,1,0,49.1092,5
1,6.4,137,1,0,25.8193,1
1,7.407,16123,1,6,14.4365,1
0,6.618,1939,0,4,9.2627,4
2,8.0,12816,1,6,8.9942,4
0,5.9,11,0,5,13.9882,5
1,6.862,10452,1,8,10.7129,4
0,5.493,67,0,50,8.0104,2
0,6.696,20740,0,10,26.7138,3
1,8.073,1282,1,1,18.1084,2
1,6.555,118,1,0,8.7351,3
1,8.1,11880,1,57,10.0985,3
1,7.447,19776,1,11,14.5967,3
0,6.059,185,0,0,17.1956,2
1,6.912,2257,1,1,13.0595,5
0,0.0,0,0,40,40.4889,1
0,7.613,22038,0,8,14.3595,1
0,7.118,8127,0,9,12.2632,3
1,7.1,3760,1,1,17.6707,2
0,7.105,2654,0,2,10.4277,5
0,6.81,63,0,0,44.2599,1
1,6.435,729,1,22,12.2641,4
0,5.488,85,0,2,8.2613,1
0,8.52,33967,0,17,28.1811,2
1,6.2,88,1,2,10.8943,2
1,6.2,88,1,2,10.8943,4
1,6.739,2664,1,6,8.8938,3
1,5.2,81,1,44,11.4345,4
0,7.209,16093,0,18,10.9406,1
0,6.813,8608,0,4,9.8187,1
1,6.608,3834,1,16,10.1173,5
0,7.062,8959,0,39,18.5989,1
1,7.26,12546,1,16,9.2115,1
1,7.876,2623,1,32,11.9821,4
2,6.383,7566,1,15,12.3193,2
0,10.0,1,0,0,12.1884,5
1,8.397,10346,1,21,16.4234,3
0,6.66,6421,0,3,24.0001,1
0,5.917,619,0,1,12.2187,3
1,6.342,2698,1,7,11.2424,5
0,6.462,9052,0,13,17.4456,5
0,6.333,60,0,0,31.2126,1
0,4.25,8,0,1,9.8324,1
0,7.977,16142,0,23,14.2121,3
1,7.924,7454,1,4,12.877,1
0,5.3,61,0,8,10.0979,2
1,6.668,1501,1,1,14.7435,3
1,7.071,1391,1,0,34.7221,2
1,7.63,14243,1,11,9.3508,1
0,7.956,16812,0,32,11.2877,4
0,7.073,82,0,1,13.0754,3
1,6.618,6491,1,17,8.462,4
0,7.893,8410,0,16,27.5645,4
0,7.599,14195,0,26,20.1247,1
0,6.46,841,0,0,39.5173,5
2,6.722,519,1,0,12.9495,5
1,0.0,0,1,0,20.1309,5
0,7.043,15492,0,20,14.0929,1
1,6.893,9825,1,29,9.6944,4
0,7.043,4269,0,3,15.8389,1
0,7.889,19069,0,11,14.3515,2
2,6.0,84,1,0,8.8289,4
0,6.714,2979,0,12,9.8343,4
1,7.28,9360,1,11,16.3309,5
1,7.781,13630,1,4,21.8334,5
0,8.422,10396,0,65,11.0375,3
1,7.331,11705,1,11,10.122,3
0,6.763,19,0,0,16.2542,4
1,7.215,9139,1,10,15.3203,2
1,5.979,1618,1,7,18.9213,1
0,7.022,2464,0,1,12.2464,3
0,5.628,43,0,0,38.8477,5
1,7.619,17925,1,8,12.9079,5
0,0.0,0,0,0,51.8699,1
0,7.068,22,0,1,62.6338,4
1,7.345,12558,1,13,9.6344,5
1,5.278,18,1,9,31.3749,1
0,6.429,7,0,0,11.0082,5
0,7.638,120,0,2,11.5921,5
1,7.371,7938,1,37,8.6815,5
1,6.2,62,1,11,8.3789,1
1,6.383,7566,1,15,12.3193,3
1,5.995,5025,1,9,9.6966,2
1,7.749,7804,1,9,19.9405,1
0,6.407,774,0,15,20.4071,3
0,8.5,74,0,1,10.4338,5
2,6.383,7566,1,15,12.3193,5
0,8.0,2,0,0,11.8945,5
0,7.572,5157,0,3,10.2784,4
1,7.757,7099,1,3,15.5487,4
1,5.886,101,1,16,44.3796,4
1,7.229,59,1,1,14.5121,1
0,7.273,1538,0,2,15.8008,5
0,7.584,21189,0,8,14.2372,3
1,7.08,225,1,9,14.0384,4
0,7.781,13630,0,4,21.8334,5
0,6.93,22608,0,12,13.179,3
1,6.443,7538,1,8,9.4623,3
0,7.529,15621,0,11,12.0083,4
0,7.596,8396,0,26,15.9156,1
1,6.773,22,1,10,15.951,2
0,6.83,8111,0,11,8.4707,4
0,2.7,3,0,2,8.6147,1
1,6.853,3150,1,7,10.4891,4
0,6.797,4184,0,24,10.2653,2
0,6.0,4,0,1,14.4796,3
0,7.261,1286,0,1,10.8161,2
1,6.588,182,1,0,32.9579,3
1,5.9,425,1,1,13.5768,3
1,6.024,6446,1,21,8.8554,2
1,7.757,7099,1,3,15.5487,3
0,7.138,4153,0,3,16.7718,5
0,7.812,9351,0,25,11.0222,4
0,6.622,4622,0,18,55.281,4
0,5.454,2068,0,15,8.8777,1
0,6.2,62,0,11,8.3789,4
0,5.9,8,0,0,13.5751,4
0,7.418,22582,0,9,11.5295,5
0,7.1,224,0,1,16.2964,1
2,6.633,15463,1,12,12.2416,4
0,0.0,0,0,0,16.8555,2
1,6.259,5881,1,11,10.4668,3
0,6.971,15667,0,8,15.7766,1
0,6.0,27,0,49,7.8863,3
0,7.157,3254,0,2,13.367,1
1,6.345,653,1,0,12.3767,4
0,7.447,19776,0,11,14.5967,5
0,10.0,1,0,83,9.061,3
0,6.74,154,0,0,219.3617,1
0,6.53,286,0,0,20.8374,3
1,9.0,2,1,1,10.7031,4
0,7.043,15492,0,20,14.0929,5
0,7.181,10304,0,5,11.7074,4
1,6.617,6293,1,13,9.5568,4
0,6.75,1021,0,1,10.4684,2
1,7.441,8555,1,7,19.1353,3
1,4.923,52,1,0,54.1654,2
0,7.1,190,0,0,106.4595,2
0,6.696,20740,0,10,26.7138,2
1,8.18,2051,1,1,35.7788,5
0,7.167,4547,0,29,10.2905,2
0,10.0,0,0,1,13.5609,2
0,6.3,20,0,0,12.3584,1
0,6.2,20,0,1,10.9215,2
0,6.909,12729,0,12,11.9005,2
1,7.421,9517,1,21,8.8423,4
0,7.54,11900,0,12,21.3824,4
0,5.4,53,0,2,15.6657,1
1,5.454,2068,1,15,8.8777,1
0,5.9,8,0,0,13.5751,5
1,7.558,504,1,1,9.0585,2
0,4.0,18,0,1,133.4634,1
0,8.8,2,0,3,11.5599,5
0,7.743,4732,0,39,9.1141,1
0,2.333,3,0,43,8.4049,1
1,7.554,5925,1,1,45.1497,3
1,7.591,9750,1,4,17.4443,3
0,6.3,20,0,0,12.3584,2
0,4.333,6,0,30,7.2581,2
2,7.02,13630,1,13,12.6409,5
0,6.787,8098,0,10,8.5063,3
1,8.159,15363,1,19,10.3975,2
0,6.376,6005,0,4,9.4133,2
0,6.862,4190,0,7,8.6744,4
0,7.053,3381,0,2,11.6097,4
0,7.8,11541,0,37,8.8437,1
0,7.741,19535,0,15,20.8667,2
0,6.886,6493,0,13,8.1987,1
0,6.259,266,0,1,19.764,4
1,5.9,425,1,1,13.5768,1
1,6.745,6842,1,14,9.9988,4
1,6.397,428,1,1,9.5653,2
1,7.426,17721,1,12,9.7632,2
1,6.093,797,1,0,33.2271,2
1,7.653,189,1,1,10.6939,1
0,6.736,10191,0,22,9.1338,5
0,5.5,8,0,0,32.3442,1
0,7.227,4942,0,2,19.7435,5
0,6.75,1021,0,1,10.4684,2
0,6.383,7566,0,15,12.3193,2
2,6.618,1939,1,4,9.2627,5
1,7.72,25,1,1,46.4393,3
0,6.714,2979,0,12,9.8343,4
0,8.301,15268,0,31,14.37,4
0,6.0,1,0,1,61.3042,2
2,7.407,16123,1,6,14.4365,5
1,6.196,51,1,0,136.4305,5
1,7.303,6227,1,6,11.3178,2
1,7.4,4703,1,19,8.0081,1
1,7.467,6262,1,28,11.7783,3
0,6.7,3606,0,3,12.908,2
1,6.383,7566,1,15,12.3193,5
1,6.435,729,1,22,12.2641,5
0,7.85,14592,0,12,13.1816,5
1,7.911,22558,1,10,19.101,3
0,8.163,12261,0,42,16.693,5
1,6.379,7236,1,24,10.3166,4
1,7.441,8555,1,7,19.1353,5
0,7.206,2115,0,2,12.0506,2
0,6.643,7217,0,13,8.5444,1
0,6.508,1842,0,0,178.9916,5
0,7.131,10948,0,20,28.2483,5
1,7.875,14283,1,21,9.1787,1
1,8.042,179,1,0,37.6656,1
0,0.0,0,0,1,330.1801,1
1,6.461,1208,1,1,9.4721,4
1,8.301,15268,1,31,14.37,1
0,7.405,195,0,1,9.6344,2
0,7.75,6643,0,6,60.3108,2
0,6.719,2733,0,1,17.9877,1
1,7.552,2664,1,7,10.6234,3
0,8.511,408,0,0,14.8404,2
1,8.75,4,1,1,15.3191,3
0,7.669,10790,0,50,26.0438,3
1,6.2,523,1,24,17.7921,5
0,6.748,7134,0,19,12.241,1
0,6.893,9825,0,29,9.6944,4
1,5.381,3286,1,10,9.9146,3
0,4.3,1149,0,0,101.2814,1
2,6.2,46,1,22,10.8505,3
1,6.11,4677,1,9,8.251,5
0,6.516,487,0,0,59.3268,3
0,6.6,653,0,49,9.7775,5
0,5.382,374,0,0,13.4979,2
1,6.622,4622,1,18,55.281,1
0,8.468,28302,0,31,20.8136,4
0,7.3,19653,0,23,17.1752,4
0,5.737,114,0,1,9.7075,2
1,5.488,85,1,2,8.2613,1
0,6.123,1436,0,18,8.3413,4
0,8.712,28453,0,31,31.6394,3
0,7.447,11900,0,24,10.3136,2
1,6.862,4190,1,7,8.6744,3
1,6.711,9949,1,19,10.0697,4
1,6.8,9,1,1,11.582,2
1,6.558,6220,1,15,13.0597,1
0,8.0,12816,0,6,8.9942,3
0,8.517,4491,0,30,8.9205,5
0,6.97,11643,0,14,11.1389,1
1,7.163,10481,1,21,15.0318,1
1,5.493,67,1,50,8.0104,3
1,7.613,4831,1,2,19.6828,5
0,6.854,140,0,1,144.8015,4
0,4.0,3,0,1,13.555,2
0,4.143,14,0,48,12.8921,2
1,7.7,10790,1,50,26.0438,3
0,6.521,872,0,1,12.614,2
0,8.193,14142,0,9,16.1796,3
0,7.753,10838,0,19,10.5646,2
0,8.376,21791,0,30,20.5309,2
0,7.596,8396,0,26,15.9156,4
0,6.7,13,0,0,12.8385,3
0,7.638,120,0,2,11.5921,3
0,7.191,6275,0,32,9.4601,5
0,8.376,21791,0,30,20.5309,3
2,6.0,84,1,0,8.8289,1
1,7.406,7604,1,10,9.5291,4
2,0.0,0,1,0,51.8699,5
0,8.089,559,0,1,22.267,2
1,7.253,821,1,1,12.0519,5
0,6.196,51,0,0,136.4305,1
0,7.26,19796,0,10,12.0381,1
0,7.143,14,0,1,19.927,2
1,7.292,909,1,2,11.6141,2
0,7.373,22616,0,7,15.9011,3
1,6.475,322,1,1,9.1344,5
0,8.0,6,0,1,17.0095,2
1,7.588,16064,1,7,13.2624,3
1,6.4,34,1,0,9.6911,1
0,7.254,132,0,92,6.5071,1
0,7.21,14114,0,28,13.9139,1
0,0.0,0,0,0,10.4518,1
0,6.8,9,0,1,11.582,1
1,6.862,10452,1,8,10.7129,5
1,6.996,3743,1,63,8.7171,2
1,7.405,195,1,1,9.6344,4
0,7.447,14173,0,20,11.5066,1
0,7.052,1376,0,1,16.9578,3
0,6.633,15462,0,12,12.2416,2
0,7.256,7558,0,18,10.4807,5
1,6.833,72,1,1,15.6493,5
2,8.426,27,1,0,95.2883,4
2,7.227,4942,1,2,19.7435,5
1,6.844,1615,1,1,21.2215,1
0,7.421,9517,0,21,8.8423,4
0,6.2,523,0,24,17.7921,5
0,8.071,6857,0,18,8.6028,3
1,7.752,17745,1,24,23.9159,2
1,7.656,10973,1,3,17.7185,5
0,8.8,2,0,3,11.5599,3
1,6.576,12589,1,13,10.6174,2
1,7.145,4751,1,1,40.892,2
0,7.72,25,0,1,46.4393,1
0,6.769,21555,0,14,11.3984,4
1,6.668,1501,1,1,14.7435,2
0,7.708,22589,0,23,25.8518,1
1,7.373,22616,1,7,15.9011,3
1,7.218,5797,1,16,13.6414,5
0,7.384,2033,0,2,17.5865,3
1,6.853,3149,1,7,10.4891,1
0,7.381,269,0,1,23.2168,3
0,5.628,43,0,0,38.8477,5
1,6.8,1235,1,8,15.9671,3
0,5.99,9381,0,16,10.9478,4
0,6.8,4148,0,22,9.1588,5
0,7.247,16901,0,12,20.5656,4
1,6.153,8039,1,14,14.3056,3
0,5.628,43,0,0,38.8477,4
0,6.208,8839,0,12,9.6551,2
0,6.935,11523,0,12,10.7046,2
0,6.033,121,0,14,20.1399,5
0,7.157,816,0,0,124.8486,1
0,5.381,3286,0,10,9.9146,2
0,7.463,8533,0,35,12.2165,4
1,7.189,1912,1,9,8.4906,1
0,6.566,5921,0,20,8.6655,4
0,7.069,8641,0,4,10.3644,4
0,6.797,4184,0,24,10.2653,5
0,5.985,379,0,1,16.4918,4
2,4.834,338,1,18,9.1875,2
0,6.6,2098,0,1,11.2521,4
1,7.746,4465,1,17,9.2927,2
0,6.909,12729,0,12,11.9005,5
0,6.854,140,0,1,144.8015,1
0,7.382,3189,0,33,8.6373,5
1,6.705,5845,1,14,10.2217,4
0,8.463,9033,0,59,18.0545,3
0,7.818,11,0,24,12.591,2
0,6.4,137,0,0,25.8193,5
0,5.1,15,0,33,14.5507,1
0,5.0,1,0,0,20.8354,2
1,7.653,189,1,1,10.6939,4
0,6.743,140,0,1,8.2934,5
1,6.3,623,1,0,17.9402,1
0,7.5,4,0,0,8.207,2
0,7.211,4285,0,27,12.4534,2
0,6.514,1296,0,11,9.4784,4
0,0.0,0,0,0,14.8628,2
1,5.6,5,1,0,13.8776,5
0,8.8,2,0,3,11.5599,4
0,8.537,17218,0,24,19.5659,5
0,8.205,8583,0,14,10.8887,4
0,5.9,5,0,52,60.1926,5
0,5.5,4,0,0,9.406,4
1,8.175,9927,1,3,29.341,5
0,6.036,28,0,1,44.4304,5
0,8.147,18997,0,27,16.4727,1
1,7.0,23,1,1,48.0176,3
1,8.227,26472,1,26,22.2529,2
0,7.426,17721,0,12,9.7632,1
0,6.315,3075,0,2,15.5635,5
0,7.371,7938,0,37,8.6815,3
0,7.418,3381,0,5,7.6742,3
0,7.249,15478,0,13,8.2252,5
0,6.027,94,0,0,9.5028,2
0,5.292,12,0,8,10.1201,2
2,6.7,14,1,0,18.7089,5
0,6.407,8660,0,5,10.9669,5
0,6.259,5881,0,11,10.4668,4
1,7.333,15844,1,12,12.6625,5
0,7.217,1570,0,1,11.1147,1
1,7.001,344,1,1,10.3926,4
0,6.791,572,0,1,9.4533,5
2,7.485,6457,1,26,11.7731,5
0,8.3,157,0,1,10.8544,5
1,7.224,1421,1,2,8.7103,5
1,7.085,436,1,3,9.67,5
0,6.15,316,0,1,10.9638,4
2,7.1,84,1,1,9.5445,5
0,7.384,2033,0,2,17.5865,5
1,6.912,11153,1,20,13.7009,2
0,6.649,4577,0,2,18.97,5
0,7.407,16123,0,6,14.4365,1
0,7.317,891,0,1,10.7508,2
0,8.7,21547,0,53,32.4139,2
1,7.689,20225,1,10,10.7074,4
1,7.903,16128,1,42,10.0584,4
0,7.137,73,0,0,37.2115,2
1,8.1,8270,1,37,13.3967,2
0,8.505,18150,0,26,16.4553,5
0,8.379,9560,0,23,9.5085,3
0,7.217,1570,0,1,11.1147,3
0,6.696,365,0,1,9.8312,1
0,7.157,3254,0,2,13.367,2
1,5.772,780,1,1,25.4462,1
0,6.889,1223,0,7,8.9778,4
0,6.925,214,0,0,19.1363,3
1,6.996,3743,1,63,8.7171,5
0,7.469,6855,0,4,9.8559,1
0,5.1,15,0,33,14.5507,2
1,6.763,19,1,0,16.2542,4
0,8.1,19275,0,17,15.6633,5
0,7.393,12349,0,19,14.0945,2
0,6.652,12262,0,8,10.9314,2
0,8.321,20616,0,40,14.9381,5
1,6.449,414,1,0,18.7765,3
1,7.7,10790,1,50,26.0438,5
0,7.137,1279,0,1,42.4743,3
1,6.996,3743,1,63,8.7171,4
0,6.0,1,0,0,13.1245,3
0,7.7,7151,0,2,30.0353,5
0,6.8,1281,0,3,10.2836,5
1,6.157,8921,1,8,11.7133,4
0,8.134,12702,0,49,12.0004,2
1,6.849,21491,1,15,15.7331,1
1,6.443,7538,1,8,9.4623,1
1,7.674,19934,1,18,21.1953,4
0,8.0,702,0,1,12.3667,5
1,6.631,2679,1,14,12.044,5
2,7.407,16123,1,6,14.4365,4
0,6.342,2698,0,7,11.2424,2
1,7.944,10449,1,30,11.3554,2
0,8.396,24,0,0,15.9708,5
0,6.055,6383,0,8,9.3988,4
1,6.971,9989,1,2,25.4284,5
1,6.678,3488,1,3,11.2199,4
0,6.948,2543,0,1,19.58,3
1,8.173,10721,1,30,9.2221,1
0,6.5,4270,0,11,11.0572,2
0,5.408,38,0,0,19.8319,2
1,7.947,12421,1,18,11.6937,2
0,6.934,3292,0,2,10.3134,1
0,8.019,365,0,1,9.7947,5
1,7.954,10156,1,39,10.8264,1
1,6.4,18,1,0,13.667,4
1,6.871,31,1,0,236.7301,4
1,6.711,2193,1,2,13.2825,4
0,6.8,9,0,1,11.582,2
1,7.623,23158,1,10,14.1673,4
1,8.564,16485,1,32,14.575,3
1,7.34,9458,1,16,9.4601,3
0,7.757,7099,0,3,15.5487,5
2,7.238,7258,1,23,96.878,4
0,6.8,1281,0,3,10.2836,3
1,7.593,7378,1,1,44.6445,4
1,6.46,841,1,0,39.5173,5
2,4.059,17,1,1,8.5823,3
0,4.059,17,0,1,8.5823,1
0,7.369,12476,0,15,11.0014,4
0,7.59,32317,0,16,20.7794,5
1,7.197,3736,1,1,29.0632,4
1,7.248,9937,1,6,12.503,2
1,5.75,7712,1,10,9.6504,5
1,7.743,4732,1,39,9.1141,3
1,7.062,8959,1,39,18.5989,5
0,6.196,28,0,1,44.2569,4
0,6.948,2543,0,1,19.58,1
0,6.8,1235,0,8,15.9671,2
0,8.24,26427,0,6,19.6057,3
0,7.137,73,0,0,37.2115,2
1,8.455,37301,1,11,44.4476,2
0,8.092,2941,0,15,9.1148,3
0,6.714,2979,0,12,9.8343,5
1,6.914,892,1,0,38.4793,4
0,8.0,3,0,2,327.0199,5
0,6.467,15,0,1,19.395,2
0,7.15,1376,0,9,14.0496,1
0,7.8,18906,0,24,19.6736,5
0,6.831,1829,0,1,8.9196,3
0,5.488,85,0,2,8.2613,1
0,6.719,2733,0,1,17.9877,1
2,6.813,8608,1,4,9.8187,5
0,5.361,83,0,0,12.2676,1
1,7.062,8959,1,39,18.5989,2
0,6.131,134,0,0,7.253,5
1,6.8,54,1,1,28.2959,5
1,0.0,0,1,1,330.1801,5
1,7.751,2991,1,2,14.5516,4
0,6.4,18,0,0,13.667,2
0,7.138,4153,0,3,16.7718,1
1,5.488,85,1,2,8.2613,4
0,7.157,816,0,0,124.8486,1
0,6.132,38,0,0,40.6273,3
0,7.623,31671,0,9,15.118,1
0,7.054,1280,0,1,22.8564,3
0,4.5,12,0,2,31.6173,2
0,6.056,9,0,0,11.2839,2
0,7.317,891,0,1,10.7508,3
0,7.54,11900,0,12,21.3824,4
1,7.8,11541,1,37,8.8437,2
0,5.78,4693,0,16,8.5007,1
1,5.1,15,1,33,14.5507,1
1,7.061,3111,1,1,37.2404,1
0,7.994,551,0,0,242.0604,1
1,7.054,1280,1,1,22.8564,2
0,6.208,8839,0,12,9.6551,5
1,5.7,111,1,0,14.4681,4
0,6.4,34,0,0,9.6911,3
1,8.073,1282,1,1,18.1084,5
0,7.8,1503,0,2,10.0173,4
0,7.903,16128,0,42,10.0584,3
0,8.089,559,0,1,22.267,5
0,6.55,1017,0,4,12.4194,4
1,8.205,20011,1,8,21.7456,4
1,5.559,17,1,0,10.8657,1
0,5.917,619,0,1,12.2187,5
0,7.8,555,0,1,8.1649,4
1,8.258,18804,1,31,16.7873,3
0,7.26,19796,0,10,12.0381,5
0,5.787,9495,0,20,8.3104,5
0,5.382,374,0,0,13.4979,1
0,8.18,2051,0,1,35.7788,4
0,7.813,16,0,0,28.3036,4
1,7.0,2,1,2,9.4051,4
0,7.708,22589,0,23,25.8518,2
1,7.757,7099,1,3,15.5487,4
1,7.2,478,1,2,9.4084,1
1,6.6,14262,1,15,14.1406,1
0,5.837,104,0,0,15.6565,3
1,6.2,9,1,0,20.7767,5
1,6.379,7236,1,24,10.3166,5
0,7.15,1376,0,9,14.0496,1
0,7.876,2623,0,32,11.9821,5
0,6.153,36,0,9,9.281,3
0,6.94,150,0,1,11.381,4
0,7.623,31671,0,9,15.118,5
0,6.486,1836,0,1,9.7584,2
0,6.574,699,0,0,66.0556,1
0,7.2,20,0,5,61.7128,1
1,6.202,8915,1,15,12.6096,3
0,7.201,867,0,0,223.2411,2
1,7.061,3111,1,1,37.2404,5
0,6.41,7967,0,3,12.3231,3
0,5.737,114,0,1,9.7075,4
1,6.668,1501,1,1,14.7435,4
0,7.071,1391,0,0,34.7221,2
0,2.333,3,0,49,7.2092,1
0,8.117,10262,0,4,13.1431,4
0,6.763,19,0,0,16.2542,1
0,6.021,47,0,2,8.5721,5
1,6.93,22608,1,12,13.179,4
1,0.0,0,1,0,16.8555,4
0,7.8,555,0,1,8.1649,3
1,8.446,13405,1,28,11.3168,4
0,8.163,12261,0,42,16.693,5
1,5.2,296,1,0,12.0983,4
0,8.414,10803,0,50,9.8216,2
0,6.321,201,0,2,9.0865,2
2,6.617,6293,1,13,9.5568,5
1,6.66,6421,1,3,24.0001,4
0,6.722,519,0,0,12.9495,4
1,8.8,2,1,3,11.5599,3
0,6.521,872,0,1,12.614,4
2,7.491,18431,1,7,10.5253,4
0,6.464,16373,0,11,14.3636,4
1,6.605,3112,1,2,15.8529,1
0,4.9,13,0,9,11.673,2
0,6.351,124,0,0,43.9498,1
0,7.168,5381,0,5,11.2958,1
0,8.586,29,0,0,11.7392,3
0,6.3,150,0,1,11.0058,3
1,4.5,13,1,44,8.2424,2
2,5.992,319,1,1,15.3475,4
1,7.108,10381,1,6,18.0087,2
0,7.144,3965,0,47,12.133,3
0,7.137,73,0,0,37.2115,4
0,6.576,805,0,1,10.3657,5
0,7.256,7558,0,18,10.4807,1
1,6.383,7566,1,15,12.3193,2
1,6.942,2191,1,1,26.9826,2
0,7.3,19653,0,23,17.1752,4
0,6.429,3614,0,2,12.8427,3
0,6.287,4404,0,22,25.1266,4
0,7.119,5081,0,18,9.0223,3
0,7.333,15844,0,12,12.6625,2
1,6.416,3080,1,45,8.6323,2
1,6.1,66,1,0,21.0336,5
1,5.941,8590,1,10,12.3938,3
2,3.6,31,1,38,26.2882,1
1,6.134,9041,1,8,10.4192,5
1,7.0,3,1,0,10.2334,1
0,7.189,1912,0,9,8.4906,2
1,7.9,17320,1,9,11.7938,2
0,6.726,3698,0,21,10.7806,3
0,6.4,137,0,0,25.8193,3
0,7.308,3294,0,2,16.5972,1
0,7.087,4228,0,1,21.3922,2
1,7.021,573,1,2,13.0977,3
0,6.15,316,0,1,10.9638,2
0,8.201,24596,0,15,14.9776,2
0,6.711,2193,0,2,13.2825,4
0,8.3,6,0,0,11.8863,5
1,6.07,2196,1,0,71.2031,1
0,7.001,344,0,1,10.3926,1
1,8.205,21236,1,48,21.2712,3
0,7.8,19711,0,22,16.3107,2
0,7.119,5081,0,18,9.0223,5
0,6.66,6421,0,3,24.0001,4
1,7.918,1496,1,3,8.5415,1
1,6.345,653,1,0,12.3767,4
0,7.584,21189,0,8,14.2372,4
1,7.206,2115,1,2,12.0506,4
1,5.292,12,1,8,10.1201,2
1,6.383,7566,1,15,12.3193,5
1,7.773,259,1,0,19.9987,3
0,5.1,15,0,33,14.5507,2
1,7.315,19094,1,9,10.8484,5
1,6.347,2760,1,2,11.4948,2
1,6.55,1017,1,4,12.4194,1
0,5.488,85,0,2,8.2613,1
1,6.961,8793,1,13,10.5428,4
1,7.262,3903,1,37,9.6492,3
2,6.279,4294,1,15,11.2238,1
1,6.376,6005,1,4,9.4133,5
0,7.674,19934,0,18,21.1953,3
0,7.524,21,0,1,8.8337,4
1,8.397,10346,1,21,16.4234,3
1,6.259,5881,1,11,10.4668,1
0,7.447,11900,0,24,10.3136,2
1,0.0,0,1,0,10.4447,4
0,5.906,1783,0,19,8.9313,2
1,7.901,28288,1,24,34.4991,5
1,7.9,529,1,6,15.8072,5
0,7.432,2322,0,25,13.7508,2
2,8.8,2,1,3,11.5599,4
0,7.608,759,0,4,13.8475,2
1,6.5,6,1,0,8.5354,5
0,7.073,82,0,1,13.0754,2
1,7.669,10790,1,50,26.0438,5
0,8.119,21,0,1,58.2783,4
0,7.5,7605,0,28,12.1287,5
1,7.35,5404,1,27,10.553,4
0,7.2,50,0,1,10.9641,2
0,0.0,0,0,-1,19.8837,1
1,4.923,52,1,0,54.1654,4
1,6.862,4190,1,7,8.6744,1
0,6.287,4404,0,22,25.1266,5
0,6.8,54,0,1,28.2959,5
0,6.544,1973,0,10,10.0097,4
0,7.377,2941,0,1,24.163,4
1,8.219,16343,1,27,14.6571,1
0,8.131,1752,0,4,10.3538,3
0,7.7,1938,0,2,10.8086,3
0,7.773,259,0,0,19.9987,2
1,6.769,480,1,0,44.7324,1
0,6.871,31,0,0,236.7301,5
0,6.813,8608,0,4,9.8187,4
1,7.582,14184,1,8,17.8184,3
0,6.157,8921,0,8,11.7133,3
0,6.15,316,0,1,10.9638,4
1,7.785,23290,1,13,13.8961,4
2,6.517,13218,1,9,9.3288,4
1,6.929,4184,1,21,13.7097,5
0,8.52,33967,0,17,28.1811,5
0,7.6,6632,0,23,59.1293,3
2,7.944,10449,1,30,11.3554,4
0,8.183,26825,0,13,13.0766,3
0,7.466,3939,0,5,10.7733,1
0,6.5,6,0,0,8.5354,5
1,7.947,12421,1,18,11.6937,5
0,7.853,8433,0,29,11.2483,5
0,7.273,1538,0,2,15.8008,3
1,7.1,569,1,14,9.491,5
0,7.052,1376,0,1,16.9578,2
0,2.333,3,0,43,8.4049,2
0,6.781,1718,0,23,8.5586,2
0,6.467,15,0,1,19.395,2
1,7.33,22260,1,8,18.2811,3
1,6.77,10697,1,4,12.087,2
0,9.0,2,0,1,10.7031,2
0,8.193,14142,0,9,16.1796,3
1,7.201,867,1,0,223.2411,2
1,8.227,26472,1,26,22.2529,2
0,6.696,365,0,1,9.8312,3
1,5.278,18,1,9,31.3749,1
1,7.7,10790,1,50,26.0438,5
2,6.279,4294,1,15,11.2238,4
0,6.222,9,0,5,19.3577,4
0,5.917,619,0,1,12.2187,2
1,8.5,19146,1,6,20.3995,1
1,5.0,15,1,1,8.1142,5
1,7.72,25,1,1,46.4393,5
0,5.676,179,0,0,14.6681,1
0,7.243,167,0,1,9.2048,4
0,6.508,1842,0,0,178.9916,1
0,7.623,23158,0,10,14.1673,1
1,6.7,163,1,0,21.5812,3
1,6.77,10697,1,4,12.087,4
1,7.653,11494,1,33,10.1045,1
0,7.237,19389,0,8,16.6771,5
0,6.0,14,0,0,15.7603,4
0,6.6,653,0,49,9.7775,3
0,7.609,11784,0,15,18.8348,4
0,7.653,11494,0,33,10.1045,3
1,7.26,19796,1,10,12.0381,5
2,6.876,14359,1,7,9.9031,4
1,7.125,8,1,1,15.9339,4
1,6.1,66,1,0,21.0336,5
1,7.068,22,1,1,62.6338,2
0,6.833,6,0,0,31.3662,3
0,8.18,2051,0,1,35.7788,4
1,8.52,33967,1,17,28.1811,4
1,7.317,891,1,1,10.7508,4
1,5.979,1618,1,7,18.9213,2
0,6.715,2262,0,3,11.7681,5
0,6.93,22608,0,12,13.179,2
0,8.395,17472,0,45,9.1968,4
2,7.447,23184,1,9,15.249,4
1,7.977,16142,1,23,14.2121,5
1,7.003,21906,1,14,8.7547,3
0,6.589,1594,0,1,23.0488,2
0,6.145,3729,0,14,28.4536,4
0,8.237,30632,0,7,33.8999,3
0,8.511,408,0,0,14.8404,4
0,7.8,21225,0,20,23.5277,3
0,7.584,21189,0,8,14.2372,1
2,6.769,21555,1,14,11.3984,5
1,5.958,48,1,2,10.6112,3
0,7.0,2,0,29,12.3612,5
2,7.9,11482,1,12,9.1395,4
0,6.379,7236,0,24,10.3166,3
0,6.947,4897,0,23,6.9674,3
0,8.0,702,0,1,12.3667,1
1,8.321,20616,1,40,14.9381,4
0,7.206,2115,0,2,12.0506,3
0,6.835,8961,0,6,12.3351,5
0,6.933,622,0,1,11.1288,1
1,7.118,535,1,34,9.3309,2
0,7.549,1563,0,0,197.5341,3
1,6.153,8039,1,14,14.3056,4
2,7.038,5924,1,2,27.8429,5
1,7.421,9517,1,21,8.8423,3
0,5.941,8590,0,10,12.3938,4
0,0.0,0,0,0,14.3547,1
0,7.331,11705,0,11,10.122,2
0,6.241,216,0,1,34.1889,5
1,6.283,664,1,4,14.9847,1
0,7.373,22616,0,7,15.9011,4
0,6.045,22,0,1,18.131,4
0,7.12,8352,0,6,21.8627,4
1,7.418,22582,1,9,11.5295,3
1,7.803,8560,1,4,14.5784,4
0,7.089,13312,0,11,16.1249,1
0,7.827,7343,0,17,9.9063,5
0,8.0,702,0,1,12.3667,1
1,6.428,3863,1,3,12.4987,4
0,7.0,356,0,1,10.4176,3
1,7.689,20225,1,10,10.7074,4
0,7.9,6,0,0,10.2061,1
0,7.341,17696,0,8,9.886,5
0,8.131,1752,0,4,10.3538,3
0,6.883,4474,0,37,9.6875,1
1,7.92,7653,1,30,13.5927,5
1,7.28,9360,1,11,16.3309,5
0,7.418,22582,0,9,11.5295,3
1,6.322,1027,1,1,9.064,1
1,6.036,28,1,1,44.4304,2
0,7.017,1641,0,1,9.474,3
1,7.623,23158,1,10,14.1673,5
0,5.956,721,0,0,45.856,5
1,7.549,2172,1,3,12.0059,4
1,0.0,0,1,0,8.346,2
0,7.529,15621,0,11,12.0083,1
1,5.708,36,1,0,9.5226,1
0,0.0,0,0,0,10.4518,1
2,0.0,0,1,0,40.1156,3
1,0.0,0,1,0,40.1156,1
0,7.63,73,0,0,11.9561,4
1,5.926,81,1,0,13.2455,5
0,5.824,1472,0,3,10.4244,1
1,7.6,5,1,0,26.2608,2
1,7.214,1040,1,0,1179.7021,2
0,6.464,16373,0,11,14.3636,5
2,7.588,16064,1,7,13.2624,4
1,6.402,498,1,0,37.7657,1
0,6.682,2828,0,2,9.9626,4
1,6.7,14,1,0,18.7089,4
1,9.0,2,1,1,10.7031,4
0,7.217,1570,0,1,11.1147,5
1,6.649,4577,1,2,18.97,2
0,6.895,408,0,0,12.4851,4
0,6.585,6540,0,10,9.0148,1
1,7.58,9560,1,20,12.7786,1
1,6.467,15,1,1,19.395,3
0,6.222,9,0,5,19.3577,2
0,7.9,6,0,0,10.2061,5
0,7.243,167,0,1,9.2048,2
0,7.7,4199,0,3,8.5892,4
2,7.85,4549,1,4,14.8273,5
1,6.512,7085,1,17,10.0738,5
1,7.5,73,1,1,8.6787,2
0,6.886,6493,0,13,8.1987,3
0,8.463,9033,0,59,18.0545,3
1,7.539,12336,1,11,20.3807,1
1,6.428,3863,1,3,12.4987,4
0,6.208,8839,0,12,9.6551,4
1,7.04,10853,1,12,9.359,2
1,6.283,664,1,4,14.9847,5
0,7.188,597,0,0,81.8966,3
0,6.588,182,0,0,32.9579,4
0,5.981,18322,0,9,15.7389,1
0,5.75,7712,0,10,9.6504,3
1,7.071,1391,1,0,34.7221,1
1,7.1,569,1,14,9.491,4
0,7.398,14606,0,7,10.0941,5
1,0.0,0,1,0,40.1156,3
0,6.4,18,0,0,13.667,4
1,7.781,13629,1,4,21.8334,2
0,6.555,118,0,0,8.7351,1
0,7.219,9028,0,21,14.5807,2
0,7.619,17925,0,8,12.9079,1
1,6.889,1223,1,7,8.9778,3
0,5.75,7712,0,10,9.6504,2
0,8.18,2051,0,1,35.7788,4
1,7.833,630,1,3,8.5328,4
2,7.119,5081,1,18,9.0223,5
0,6.6,4731,0,3,9.9544,4
2,6.996,3743,1,63,8.7171,4
1,5.676,179,1,0,14.6681,5
1,8.426,27,1,0,95.2883,1
0,6.893,9825,0,29,9.6944,2
1,7.466,3939,1,5,10.7733,5
0,6.321,201,0,2,9.0865,3
0,6.53,286,0,0,20.8374,4
1,6.576,12589,1,13,10.6174,3
1,6.443,7538,1,8,9.4623,2
0,6.0,1,0,1,61.3042,3
0,6.894,924,0,2,9.5539,4
2,7.243,167,1,1,9.2048,5
0,3.8,27,0,1,9.9129,1
1,6.622,6108,1,25,34.999,5
1,7.345,12558,1,13,9.6344,4
1,6.0,4985,1,18,9.5101,1
1,7.7,10790,1,50,26.0438,3
0,8.406,22650,0,23,16.1967,1
0,7.429,7,0,0,101.6234,2
0,5.917,619,0,1,12.2187,5
1,7.555,11059,1,28,13.257,2
0,6.893,8920,0,6,9.9262,3
1,6.628,623,1,1,17.7598,5
1,6.691,1269,1,0,105.6752,5
1,7.041,2550,1,1,33.3073,4
0,7.456,13117,0,7,10.8261,3
2,6.501,7337,1,15,9.2419,4
1,8.75,4,1,1,15.3191,3
0,6.9,151,0,0,68.2342,3
0,7.083,1499,0,1,14.8529,4
0,7.187,2943,0,22,7.5552,5
1,7.083,1499,1,1,14.8529,5
0,6.033,121,0,14,20.1399,1
0,6.477,729,0,1,18.1001,2
0,7.456,13117,0,7,10.8261,1
1,8.313,5077,1,1,43.5382,4
0,7.4,232,0,1,23.6545,2
0,8.122,10840,0,38,8.5648,5
1,5.926,81,1,0,13.2455,5
0,6.163,147,0,0,13.7139,2
0,5.345,2237,0,1,11.5525,1
0,5.3,11,0,1,9.6946,1
0,7.463,8533,0,35,12.2165,1
1,7.988,1380,1,2,10.9365,2
0,6.521,872,0,1,12.614,2
0,7.407,16123,0,6,14.4365,1
1,6.259,266,1,1,19.764,1
0,7.613,22038,0,8,14.3595,4
0,8.564,16485,0,32,14.575,1
0,5.885,12011,0,10,28.3726,2
0,5.7,59,0,34,11.0427,4
1,7.749,7804,1,9,19.9405,5
0,6.076,13188,0,8,9.4961,1
2,6.633,15462,1,12,12.2416,4
0,6.563,15058,0,26,10.8787,5
0,6.268,340,0,1,9.0138,4
0,7.0,3032,0,1,14.9609,1
1,7.069,8641,1,4,10.3644,4
1,8.205,21237,1,48,21.2712,4
0,0.0,0,0,0,12.1567,1
1,7.623,23158,1,10,14.1673,4
0,8.571,13011,0,51,17.7204,5
1,6.027,94,1,0,9.5028,5
1,5.25,4,1,0,9.7425,4
0,8.398,16199,0,7,15.3527,1
1,7.338,3315,1,5,8.7228,1
0,5.708,36,0,0,9.5226,4
0,6.66,6421,0,3,24.0001,4
0,7.893,8410,0,16,27.5645,2
2,7.063,278,1,28,4.4805,5
0,6.66,6421,0,3,24.0001,2
1,6.741,1088,1,1,22.2983,4
0,7.905,28601,0,11,8.2443,4
0,5.9,4440,0,23,63.3145,2
0,7.187,2943,0,22,7.5552,2
1,7.901,28288,1,24,34.4991,4
0,7.1,3760,0,1,17.6707,3
1,7.137,1279,1,1,42.4743,4
0,5.901,6818,0,7,13.7992,4
0,6.929,560,0,0,334.9235,2
0,5.5,4,0,0,9.406,1
0,7.26,14746,0,18,15.6812,5
0,0.0,0,0,0,20.1309,1
1,6.714,2979,1,12,9.8343,1
0,6.828,16592,0,7,16.4864,4
1,7.137,73,1,0,37.2115,2
0,6.836,5424,0,34,8.7524,1
1,6.75,1021,1,1,10.4684,1
1,7.771,12774,1,24,9.7394,5
0,6.163,147,0,0,13.7139,1
1,8.092,15487,1,21,13.8272,5
0,5.933,208,0,0,15.554,3
0,5.8,8,0,3,44.9732,2
0,5.885,247,0,1,8.8816,4
1,5.0,15,1,1,8.1142,3
0,8.369,37567,0,15,29.2501,5
1,8.115,12331,1,8,10.9633,5
1,6.741,1088,1,1,22.2983,5
0,6.379,7236,0,24,10.3166,2
1,7.613,4831,1,2,19.6828,3
1,7.889,19069,1,11,14.3515,5
0,7.528,10890,0,18,8.2771,5
0,8.488,28771,0,31,18.1651,5
0,6.1,49,0,41,13.6003,5
0,7.393,12349,0,19,14.0945,2
1,6.0,1,1,1,61.3042,3
0,7.593,7378,0,1,44.6445,1
0,6.299,1620,0,2,10.8871,2
0,5.917,619,0,1,12.2187,5
1,7.771,12774,1,24,9.7394,2
0,5.75,7712,0,10,9.6504,4
1,7.5,15688,1,9,10.3443,5
2,7.008,3083,1,2,12.4878,5
0,6.945,127,0,1,11.2555,3
0,6.75,24,0,13,10.118,2
1,5.0,1,1,0,20.8354,3
1,6.769,480,1,0,44.7324,1
0,7.1,41,0,0,7.1092,4
0,6.5,6,0,0,8.5354,1
0,8.377,15698,0,11,15.601,3
1,7.211,4285,1,27,12.4534,3
0,7.344,109,0,0,181.447,2
0,7.163,10481,0,21,15.0318,2
0,8.1,11880,0,57,10.0985,3
1,7.486,8939,1,4,12.5913,5
0,7.717,13177,0,35,10.1337,1
1,7.924,7454,1,4,12.877,5
0,6.889,1223,0,7,8.9778,2
1,7.153,7445,1,6,13.4238,3
1,7.433,2215,1,2,12.1338,4
1,6.689,10655,1,20,12.3167,1
1,6.428,3863,1,3,12.4987,4
1,6.589,1594,1,1,23.0488,1
1,4.9,13,1,9,11.673,1
0,5.944,1300,0,1,9.6962,2
0,6.402,498,0,0,37.7657,2
0,6.038,13,0,1,13.4862,4
0,4.446,37,0,45,9.5794,2
1,7.027,244,1,0,22.2738,1
0,8.258,18804,0,31,16.7873,1
0,5.2,81,0,44,11.4345,1
1,8.1,8270,1,37,13.3967,2
1,6.038,13,1,0,21.819,3
1,5.8,60,1,23,10.2162,1
1,8.06,4075,1,22,9.6754,1
0,6.5,35,0,6,8.8332,3
0,6.851,255,0,0,11.0922,4
0,7.0,2,0,29,12.3612,5
0,7.6,12620,0,3,23.0697,1
1,7.216,22426,1,13,9.6095,4
0,7.743,4732,0,39,9.1141,1
0,6.841,4397,0,3,12.1637,4
1,6.561,529,1,0,25.8278,4
0,5.5,4,0,0,9.406,1
0,7.4,12481,0,12,8.6109,3
1,6.4,34,1,0,9.6911,4
0,7.187,2943,0,22,7.5552,3
1,7.746,4465,1,17,9.2927,1
0,7.5,18503,0,10,9.3352,5
0,6.37,7205,0,25,11.0633,5
1,6.857,7,1,0,60.1852,5
0,9.0,2,0,1,10.7031,3
0,7.724,3123,0,15,10.842,5
0,7.0,6,0,0,9.2493,4
0,0.0,0,0,0,14.8628,2
0,7.248,9937,0,6,12.503,5
1,7.957,20723,1,16,14.9868,2
0,7.044,5285,0,15,8.9479,4
1,6.6,14262,1,15,14.1406,1
0,7.0,3,0,0,10.2334,1
1,10.0,1,1,83,9.061,4
1,6.461,1208,1,1,9.4721,2
0,7.074,34,0,0,47.4173,2
0,7.447,19776,0,11,14.5967,2
1,8.468,28302,1,31,20.8136,3
1,5.941,8590,1,10,12.3938,2
0,7.596,8396,0,26,15.9156,5
1,7.253,821,1,1,12.0519,1
1,5.7,111,1,0,14.4681,1
0,4.0,1,0,3,9.7562,1
1,6.996,3743,1,63,8.7171,2
0,6.895,408,0,0,12.4851,5
1,7.57,13507,1,12,11.5595,4
0,6.0,14,0,0,15.7603,5
2,7.421,9517,1,21,8.8423,4
0,6.481,3433,0,18,9.0806,4
0,7.737,59,0,0,13.2961,3
2,7.711,2706,1,0,46.7547,5
0,7.467,6262,0,28,11.7783,3
1,0.0,0,1,0,40.1156,1
0,6.589,1594,0,1,23.0488,2
0,6.37,7205,0,25,11.0633,1
0,6.37,2797,0,22,10.3425,4
0,0.0,0,0,0,20.301,1
1,6.009,281,1,1,8.2247,3
2,6.992,4516,1,20,15.5512,4
1,6.631,2679,1,14,12.044,4
0,4.603,34,0,0,17.9545,1
0,7.011,8177,0,18,10.2634,2
1,6.3,10233,1,6,13.3814,4
0,7.003,21906,0,14,8.7547,3
0,7.33,22260,0,8,18.2811,2
1,6.508,1842,1,0,178.9916,1
0,6.157,8921,0,8,11.7133,5
1,0.0,0,1,0,14.3547,1
1,7.9,529,1,6,15.8072,3
0,8.209,4106,0,5,13.246,4
2,7.82,19663,1,8,10.8587,5
0,5.906,1783,0,19,8.9313,4
0,7.04,10853,0,12,9.359,3
0,6.322,1027,0,1,9.064,4
0,6.376,6005,0,4,9.4133,4
0,5.864,5638,0,13,8.9573,2
0,6.4,34,0,0,9.6911,3
0,7.69,7063,0,3,16.3613,4
0,6.0,4985,0,18,9.5101,4
1,7.417,12,1,0,12.1754,3
1,8.178,15343,1,25,10.0847,5
0,6.763,19,0,0,16.2542,2
2,7.623,23158,1,10,14.1673,5
0,6.3,623,0,0,17.9402,5
1,7.447,16086,1,8,8.9196,1
1,7.992,9614,1,4,15.1062,3
1,6.0,2,1,0,10.4539,5
1,7.63,14243,1,11,9.3508,1
1,6.141,4440,1,12,12.5893,2
1,7.0,6,1,0,9.2493,3
0,7.5,6,0,0,12.828,1
1,6.909,12729,1,12,11.9005,1
2,7.596,8396,1,26,15.9156,4
0,5.886,101,0,16,44.3796,2
2,4.5,2,1,3,8.8409,2
0,8.012,22167,0,21,24.048,3
1,10.0,1,1,0,12.1884,2
1,8.073,1282,1,1,18.1084,5
0,4.333,6,0,30,7.2581,1
0,7.6,12620,0,3,23.0697,2
2,8.0,12816,1,6,8.9942,5
1,7.292,909,1,2,11.6141,5
0,6.208,8839,0,12,9.6551,3
0,6.971,9989,0,2,25.4284,1
0,6.883,4474,0,37,9.6875,2
0,7.2,20,0,5,61.7128,4
0,5.78,4298,0,19,8.4323,4
0,5.974,380,0,1,9.4493,2
0,5.981,18322,0,9,15.7389,3
1,7.003,21906,1,14,8.7547,1
1,7.143,14,1,1,19.927,1
0,5.361,83,0,0,12.2676,1
0,6.563,15058,0,26,10.8787,5
1,5.854,12180,1,16,13.3554,4
0,8.571,13011,0,51,17.7204,2
0,6.931,137,0,1,7.7329,4
0,7.12,1058,0,1,11.9208,1
0,8.115,12331,0,8,10.9633,3
1,7.3,4070,1,27,8.1991,5
0,7.059,2293,0,1,28.0248,2
1,7.201,867,1,0,223.2411,1
0,5.917,619,0,1,12.2187,1
1,6.428,3863,1,3,12.4987,4
1,7.153,7070,1,16,9.0926,3
0,6.153,36,0,9,9.281,4
0,6.978,2545,0,2,10.9536,4
0,7.0,3,0,0,10.2334,2
1,6.82,3118,1,19,9.873,2
1,7.215,9140,1,10,15.3203,3
0,6.076,13188,0,8,9.4961,4
1,6.655,10932,1,12,8.6092,3
1,0.0,0,1,0,25.888,3
1,7.7,4199,1,3,8.5892,3
0,7.138,4153,0,3,16.7718,1
0,6.7,14,0,0,18.7089,3
1,7.3,19653,1,23,17.1752,1
0,6.462,9052,0,13,17.4456,2
1,7.143,14,1,1,19.927,4
1,7.4,4703,1,19,8.0081,5
0,7.5,4,0,0,8.207,5
0,7.0,44,0,0,14.4017,4
1,6.561,529,1,0,25.8278,1
0,6.1,60,0,0,16.634,4
1,6.65,4576,1,2,18.97,1
0,7.726,292,0,18,7.6967,2
1,6.435,729,1,22,12.2641,2
0,4.333,6,0,30,7.2581,1
0,7.229,59,0,1,14.5121,3
0,6.3,60,0,0,13.9924,1
0,8.089,559,0,1,22.267,1
1,6.407,774,1,15,20.4071,4
1,5.488,85,1,2,8.2613,1
1,6.854,140,1,1,144.8015,2
1,6.5,4270,1,11,11.0572,5
0,5.1,15,0,33,14.5507,2
2,7.693,4700,1,23,9.618,4
0,7.7,7151,0,2,30.0353,2
0,8.131,1752,0,4,10.3538,4
0,6.608,3834,0,16,10.1173,5
1,6.0,27,1,49,7.8863,1
0,6.581,86,0,2,10.0164,4
1,8.301,15268,1,31,14.37,3
0,5.901,6818,0,7,13.7992,3
1,6.7,183,1,14,12.7656,4
0,6.5,57,0,1,16.7945,1
0,6.678,3488,0,3,11.2199,4
0,6.2,33,0,0,9.9317,1
0,6.887,3626,0,11,9.3777,4
1,5.6,71,1,4,9.1557,3
1,8.455,37301,1,11,44.4476,1
0,8.119,21,0,1,58.2783,2
1,7.468,2915,1,21,9.5112,1
0,5.628,43,0,0,38.8477,1
2,6.854,140,1,1,144.8015,5
0,7.903,16128,0,42,10.0584,2
0,6.345,653,0,0,12.3767,4
0,7.428,13941,0,6,11.5234,3
1,7.994,551,1,0,242.0604,3
0,7.524,21,0,1,8.8337,5
0,7.6,6632,0,23,59.1293,1
0,3.8,27,0,1,9.9129,2
1,6.861,3630,1,1,16.5632,1
1,6.2,46,1,22,10.8505,3
1,6.831,475,1,3,8.3158,2
1,7.189,1912,1,9,8.4906,1
0,7.063,278,0,28,4.4805,5
2,6.655,10932,1,12,8.6092,4
1,6.477,729,1,1,18.1001,1
1,6.2,46,1,22,10.8505,1
2,7.4,1141,1,0,85.2164,5
0,6.933,3736,0,7,8.957,5
1,7.137,73,1,0,37.2115,3
1,6.711,9949,1,19,10.0697,4
1,5.2,284,1,19,8.3201,2
0,5.488,85,0,2,8.2613,2
1,4.9,13,1,9,11.673,4
0,7.466,3939,0,5,10.7733,5
0,8.313,5077,0,1,43.5382,3
0,8.369,37567,0,15,29.2501,2
1,8.455,37301,1,11,44.4476,3
0,6.555,118,0,0,8.7351,2
0,7.7,10790,0,50,26.0438,2
0,6.402,498,0,0,37.7657,2
1,5.3,11,1,1,9.6946,5
1,7.145,4751,1,1,40.892,5
0,6.132,38,0,0,40.6273,4
0,7.292,909,0,2,11.6141,5
2,7.57,10228,1,4,9.5272,4
0,8.0,2,0,0,13.2217,2
1,0.0,0,1,0,14.8628,5
0,7.447,11900,0,24,10.3136,2
1,7.097,10245,1,6,12.5977,5
0,6.929,4184,0,21,13.7097,1
1,6.06,410,1,1,14.9479,4
1,6.54,12103,1,7,23.9266,2
1,6.157,8921,1,8,11.7133,2
0,6.1,60,0,0,16.634,5
0,9.5,2,0,2,21.1259,2
0,6.923,39,0,12,8.0408,2
1,6.093,797,1,0,33.2271,2
0,6.283,664,0,4,14.9847,4
0,6.585,6540,0,10,9.0148,3
0,6.931,137,0,1,7.7329,3
0,6.551,3693,0,2,10.1811,5
0,5.918,6906,0,11,11.4432,2
1,7.077,3922,1,2,17.374,5
1,7.116,5115,1,29,9.5983,1
0,7.623,23158,0,10,14.1673,5
1,6.678,1522,1,20,27.6932,3
0,6.828,99,0,1,8.2654,5
1,7.097,10245,1,6,12.5977,5
0,4.0,4,0,0,12.5964,1
0,6.2,9,0,0,20.7767,2
1,6.945,127,1,1,11.2555,5
1,7.539,12336,1,11,20.3807,5
0,6.682,2828,0,2,9.9626,3
0,6.355,1217,0,3,13.978,2
2,8.073,1282,1,1,18.1084,4
1,8.396,24,1,0,15.9708,5
1,7.931,3564,1,30,9.9193,2
0,7.0,3032,0,1,14.9609,5
0,6.347,2760,0,2,11.4948,4
0,6.957,10643,0,8,9.5476,3
1,6.691,1269,1,0,105.6752,5
1,6.722,519,1,0,12.9495,4
0,6.0,3003,0,2,11.0109,2
0,7.623,31671,0,9,15.118,5
1,6.794,936,1,4,10.6702,3
0,7.9,529,0,6,15.8072,4
1,6.876,6707,1,14,10.0978,3
0,5.6,28,0,14,8.2917,4
2,5.824,1472,1,3,10.4244,1
1,6.448,126,1,1,10.1479,1
1,7.043,4269,1,3,15.8389,3
1,7.3,19653,1,23,17.1752,1
1,5.381,3286,1,10,9.9146,4
2,10.0,1,1,83,9.061,4
1,7.062,8959,1,39,18.5989,2
0,7.558,504,0,1,9.0585,5
0,7.125,8,0,1,15.9339,2
2,7.405,11425,1,25,10.7078,5
0,7.005,2594,0,1,12.9128,1
0,4.792,12,0,0,24.2339,1
0,7.711,2706,0,0,46.7547,1
1,7.261,1286,1,1,10.8161,1
1,5.25,4,1,0,9.7425,3
0,7.591,9750,0,4,17.4443,2
0,7.398,14606,0,7,10.0941,2
0,8.548,9193,0,68,18.6452,1
2,5.922,51,1,0,9.7984,2
0,6.715,2262,0,3,11.7681,3
1,7.669,10790,1,50,26.0438,4
0,6.54,12103,0,7,23.9266,2
0,5.9,5,0,52,60.1926,4
0,0.0,0,0,0,8.346,1
0,6.0,2,0,0,10.4539,2
1,7.2,50,1,1,10.9641,5
0,5.6,5,0,0,13.8776,3
0,7.8,5,0,0,8.3105,1
1,6.956,2895,1,2,9.0813,2
0,6.135,4167,0,19,27.5652,2
0,6.762,9976,0,33,9.4694,3
0,7.0,6,0,0,9.2493,2
0,6.512,7085,0,17,10.0738,5
2,8.205,21237,1,48,21.2712,5
1,6.747,4269,1,24,9.0959,2
2,6.419,298,1,0,36.6743,5
0,8.396,24,0,0,15.9708,3
0,6.7,150,0,1,8.9505,3
0,8.0,702,0,1,12.3667,2
0,6.383,7566,0,15,12.3193,1
0,8.204,16573,0,19,12.3041,2
0,6.678,3488,0,3,11.2199,5
0,7.3,9575,0,41,9.3705,2
0,5.806,315,0,0,16.2067,5
0,7.85,4549,0,4,14.8273,2
0,7.988,1380,0,2,10.9365,2
0,6.3,623,0,0,17.9402,2
0,7.689,20225,0,10,10.7074,3
0,3.6,31,0,38,26.2882,1
0,6.923,39,0,12,8.0408,3
0,7.753,10838,0,19,10.5646,1
1,8.24,26427,1,6,19.6057,4
1,7.33,22260,1,8,18.2811,4
1,6.781,1718,1,23,8.5586,1
1,5.638,134,1,1,13.4327,3
0,8.548,9193,0,68,18.6452,2
1,6.517,13218,1,9,9.3288,4
0,6.453,245,0,0,10.8899,4
0,7.731,10178,0,34,12.8697,4
0,6.763,19,0,0,16.2542,2
0,5.7,267,0,25,12.7317,3
0,7.426,17721,0,12,9.7632,1
1,7.467,6262,1,28,11.7783,3
0,7.997,6072,0,30,8.727,2
1,7.743,4732,1,39,9.1141,3
0,8.365,312,0,5,8.8543,4
0,8.005,102,0,0,9.6012,1
0,5.857,7,0,0,44.0502,4
1,8.258,18804,1,31,16.7873,5
0,6.407,8660,0,5,10.9669,5
0,7.34,9458,0,16,9.4601,2
0,6.894,924,0,2,9.5539,2
2,7.087,4229,1,1,21.3922,5
0,6.889,1223,0,7,8.9778,3
2,7.1,3760,1,1,17.6707,5
1,6.894,924,1,2,9.5539,4
1,7.469,6855,1,4,9.8559,1
1,6.97,11643,1,14,11.1389,1
0,0.0,0,0,0,16.8555,1
0,7.6,12620,0,3,23.0697,1
1,6.617,6293,1,13,9.5568,1
0,6.07,2196,0,0,71.2031,1
1,6.965,329,1,0,8.8838,2
1,7.077,3922,1,2,17.374,3
0,7.59,32317,0,16,20.7794,3
1,7.123,57,1,6,10.7505,1
1,8.712,28453,1,31,31.6394,5
0,8.406,22650,0,23,16.1967,1
0,6.894,924,0,2,9.5539,4
0,7.2,395,0,14,16.2667,5
0,6.314,7664,0,10,11.8486,4
0,7.119,1658,0,1,8.2501,4
1,6.37,2797,1,22,10.3425,5
0,7.812,9351,0,25,11.0222,3
0,8.398,16199,0,7,15.3527,3
1,7.426,3648,1,2,11.7977,1
0,5.978,2896,0,28,9.4609,3
2,6.222,12085,1,17,10.9981,5
0,6.912,2257,0,1,13.0595,1
0,5.382,374,0,0,13.4979,1
1,6.854,140,1,1,144.8015,2
1,6.2,88,1,2,10.8943,5
1,7.8,2776,1,2,12.0279,5
0,7.611,5607,0,4,15.2433,5
1,7.058,11291,1,22,10.3564,1
0,6.407,8660,0,5,10.9669,3
1,7.341,17696,1,8,9.886,1
0,6.379,7236,0,24,10.3166,5
0,6.711,9949,0,19,10.0697,1
1,8.204,16573,1,19,12.3041,1
1,7.591,5760,1,86,10.6971,1
1,6.402,498,1,0,37.7657,3
0,6.971,15667,0,8,15.7766,3
0,7.074,34,0,0,47.4173,1
0,6.947,4897,0,23,6.9674,4
1,7.417,12,1,0,12.1754,1
1,8.398,16199,1,7,15.3527,1
1,6.559,14346,1,14,15.143,3
2,6.849,21491,1,15,15.7331,5
0,6.8,1235,0,8,15.9671,5
0,7.94,4426,0,37,8.4825,4
2,8.03,333,1,0,349.6505,5
1,6.924,7216,1,12,11.3686,4
2,7.144,3965,1,47,12.133,5
0,7.8,11541,0,37,8.8437,5
0,7.729,15933,0,11,18.673,5
1,8.204,16573,1,19,12.3041,4
2,6.383,7566,1,15,12.3193,5
0,8.571,13011,0,51,17.7204,1
0,7.4,7332,0,29,12.582,3
0,6.397,428,0,1,9.5653,4
0,9.0,4,0,0,51.5554,4
0,5.787,9495,0,20,8.3104,5
0,6.417,42,0,59,15.3495,5
0,6.0,4,0,1,14.4796,5
1,6.992,4516,1,20,15.5512,4
0,6.883,4474,0,37,9.6875,1
0,7.157,3254,0,2,13.367,3
0,7.058,11291,0,22,10.3564,1
1,6.146,206,1,0,24.8698,4
0,7.011,1119,0,1,12.6018,4
0,7.0,6,0,0,9.2493,3
0,8.385,4143,0,9,9.5056,1
1,6.628,623,1,1,17.7598,1
0,2.333,3,0,49,7.2092,1
0,8.396,24,0,0,15.9708,3
0,8.423,26054,0,24,23.5741,5
1,7.833,6959,1,4,10.339,2
0,6.7,74,0,1,16.4691,5
0,7.659,11698,0,25,8.3262,4
0,6.3,192,0,1,7.6052,1
0,7.317,891,0,1,10.7508,3
1,6.762,9976,1,33,9.4694,2
1,6.876,14359,1,7,9.9031,5
0,6.0,1,0,0,13.1245,4
1,6.66,6421,1,3,24.0001,5
0,7.074,34,0,0,47.4173,1
1,7.876,2623,1,32,11.9821,1
0,5.7,267,0,25,12.7317,3
0,6.8,10940,0,9,8.7202,5
1,7.89,10087,1,19,10.8633,4
0,7.591,5760,0,86,10.6971,1
0,5.238,61,0,37,6.5629,1
0,6.1,49,0,41,13.6003,3
1,6.6,653,1,49,9.7775,2
0,7.75,6643,0,6,60.3108,4
1,7.303,6227,1,6,11.3178,3
1,7.944,10449,1,30,11.3554,1
2,6.652,12262,1,8,10.9314,5
0,6.9,337,0,1,55.551,2
0,6.21,7564,0,15,9.015,3
0,7.21,14114,0,28,13.9139,5
0,6.443,7538,0,8,9.4623,5
0,5.981,18322,0,9,15.7389,2
1,7.303,6227,1,6,11.3178,4
1,8.205,21237,1,48,21.2712,3
0,6.424,119,0,0,95.8215,5
1,8.0,15234,1,11,9.8404,1
2,6.787,8098,1,10,8.5063,4
0,7.781,13629,0,4,21.8334,4
0,7.656,19199,0,11,8.602,4
1,8.423,26054,1,24,23.5741,2
0,7.038,5924,0,2,27.8429,1
0,7.386,5952,0,24,9.8758,3
1,7.137,73,1,0,37.2115,4
0,4.5,2,0,3,8.8409,2
0,6.8,54,0,1,28.2959,3
0,4.603,34,0,0,17.9545,1
0,6.876,14359,0,7,9.9031,4
0,6.0,1,0,1,61.3042,4
0,6.38,6191,0,21,8.6354,1
0,6.518,8622,0,20,9.613,4
1,6.944,9351,1,26,14.1136,1
0,6.524,7224,0,17,8.5634,5
0,6.689,10655,0,20,12.3167,2
1,8.313,5077,1,1,43.5382,4
0,6.131,134,0,0,7.253,5
1,7.123,6753,1,9,36.2449,3
0,8.157,12857,0,28,14.749,3
1,7.95,12086,1,26,8.9847,1
0,6.038,13,0,0,21.819,1
0,5.493,67,0,50,8.0104,1
1,6.2,189,1,0,25.7918,4
0,7.406,7604,0,10,9.5291,3
1,7.8,17561,1,18,18.6812,3
0,6.076,13188,0,8,9.4961,5
0,7.393,12349,0,19,14.0945,1
0,6.813,8608,0,4,9.8187,5
1,5.454,2068,1,15,8.8777,4
1,6.41,7967,1,3,12.3231,4
1,0.0,0,1,0,8.4564,1
0,2.7,3,0,2,8.6147,1
0,6.038,13,0,0,21.819,1
0,5.885,247,0,1,8.8816,4
0,7.426,3648,0,2,11.7977,3
1,6.585,6540,1,10,9.0148,2
0,7.0,356,0,1,10.4176,5
0,6.9,44,0,0,16.2761,2
0,8.183,26825,0,13,13.0766,4
0,7.229,59,0,1,14.5121,2
2,6.925,214,1,0,19.1363,4
1,5.941,8590,1,10,12.3938,2
0,6.844,7405,0,6,14.7184,2
0,6.462,9052,0,13,17.4456,2
0,4.834,338,0,18,9.1875,1
0,4.923,52,0,0,54.1654,1
0,8.0,6,0,1,17.0095,2
1,5.3,11,1,1,9.6946,3
0,6.617,6293,0,13,9.5568,4
0,7.418,3381,0,5,7.6742,4
1,6.8,10940,1,9,8.7202,3
1,5.488,85,1,2,8.2613,3
0,0.0,0,0,2,16.3412,1
1,5.978,2896,1,28,9.4609,2
1,7.4,2211,1,1,50.1532,2
1,6.828,99,1,1,8.2654,3
0,4.0,1,0,3,9.7562,1
2,7.8,5,1,0,8.3105,4
0,8.396,24,0,0,15.9708,2
1,5.1,15,1,33,14.5507,2
0,7.868,19,0,0,47.3119,2
0,5.571,7,0,1,270.7634,3
1,6.467,15,1,1,19.395,2
1,6.8,54,1,1,28.2959,4
0,5.8,5,0,0,96.7669,4
0,6.429,3614,0,2,12.8427,2
0,7.222,6894,0,10,9.7166,1
0,7.04,10853,0,12,9.359,1
0,6.851,255,0,0,11.0922,5
0,7.95,12086,0,26,8.9847,1
0,7.429,7,0,0,101.6234,2
0,8.0,4,0,0,29.7654,4
0,6.929,560,0,0,334.9235,1
0,5.0,15,0,1,8.1142,1
0,6.2,33,0,0,9.9317,2
0,4.5,6,0,1,111.3454,2
0,7.441,11031,0,6,17.8098,5
0,7.8,5,0,0,13.9011,2
1,0.0,0,1,0,20.1309,4
0,8.396,24,0,0,15.9708,5
0,6.045,22,0,1,18.131,3
0,7.596,8396,0,26,15.9156,3
0,4.834,338,0,18,9.1875,1
1,6.791,572,1,1,9.4533,1
0,6.351,124,0,0,43.9498,2
2,6.975,138,1,1,10.3007,4
1,7.554,5925,1,1,45.1497,4
2,7.729,15933,1,11,18.673,4
0,7.043,15492,0,20,14.0929,2
1,4.923,52,1,0,54.1654,5
0,6.622,4622,0,18,55.281,3
0,6.758,8511,0,16,10.5782,4
0,7.708,22589,0,23,25.8518,3
0,6.7,14,0,0,18.7089,4
0,8.065,8283,0,20,13.7492,1
2,8.5,11814,1,9,19.1913,4
0,6.889,1223,0,7,8.9778,2
0,7.833,6959,0,4,10.339,5
1,6.682,2828,1,2,9.9626,2
0,2.7,3,0,2,8.6147,1
1,5.526,38,1,1,10.2761,4
0,6.797,4184,0,24,10.2653,3
0,0.0,0,0,-1,11.8602,1
1,6.929,560,1,0,334.9235,1
0,8.5,19146,0,6,20.3995,1
0,7.751,2991,0,2,14.5516,5
0,5.8,5,0,0,96.7669,3
0,5.9,425,0,1,13.5768,5
0,8.376,21791,0,30,20.5309,4
0,8.406,22650,0,23,16.1967,3
1,5.708,36,1,0,9.5226,3
0,7.5,73,0,1,8.6787,3
0,6.933,622,0,1,11.1288,4
0,7.63,73,0,0,11.9561,1
1,7.077,39,1,1,197.0727,2
0,6.794,936,0,4,10.6702,1
0,6.862,10452,0,8,10.7129,1
1,6.322,76,1,0,15.0078,3
0,8.282,4553,0,57,12.6178,2
0,5.981,18321,0,9,15.7389,4
0,6.322,76,0,0,15.0078,4
1,6.558,6220,1,15,13.0597,2
2,7.419,8035,1,11,9.3048,4
0,6.132,38,0,0,40.6273,1
1,7.089,13312,1,11,16.1249,4
0,8.446,13405,0,28,11.3168,4
0,5.933,208,0,0,15.554,4
1,6.639,3661,1,9,8.5212,1
1,6.464,16373,1,11,14.3636,1
1,9.0,4,1,0,51.5554,4
0,7.572,5157,0,3,10.2784,2
1,8.1,19275,1,17,15.6633,5
2,7.381,269,1,1,23.2168,4
0,6.129,7066,0,25,13.4664,2
0,7.145,4751,0,1,40.892,1
0,7.371,7938,0,37,8.6815,2
0,7.95,12086,0,26,8.9847,5
0,8.054,9989,0,9,13.0254,3
0,7.8,19711,0,22,16.3107,5
0,7.717,13177,0,35,10.1337,4
1,7.3,4070,1,27,8.1991,4
0,7.256,7558,0,18,10.4807,1
2,6.887,8068,1,20,9.9146,4
0,6.3,60,0,0,13.9924,5
0,7.211,4285,0,27,12.4534,3
1,8.322,704,1,0,23.2582,4
0,4.3,1149,0,0,101.2814,1
0,7.726,292,0,18,7.6967,3
1,4.5,12,1,2,31.6173,1
1,7.0,23,1,1,48.0176,4
0,6.475,322,0,1,9.1344,3
1,7.724,3123,1,15,10.842,4
1,6.617,6293,1,13,9.5568,5
1,5.981,18322,1,9,15.7389,4
0,6.876,14359,0,7,9.9031,3
0,8.071,6857,0,18,8.6028,4
0,0.0,0,0,-1,19.8837,1
0,6.6,4731,0,3,9.9544,5
0,4.0,1,0,3,9.7562,1
1,7.4,4703,1,19,8.0081,3
0,5.3,76,0,1,8.7333,1
0,7.138,4153,0,3,16.7718,1
0,6.8,36,0,1,18.3959,2
0,6.678,3488,0,3,11.2199,1
0,6.153,8039,0,14,14.3056,2
0,7.818,11,0,24,12.591,5
0,7.017,1641,0,1,9.474,3
0,5.8,5,0,0,9.6984,3
2,7.3,4070,1,27,8.1991,5
0,8.273,17666,0,14,13.3113,4
0,7.746,4465,0,17,9.2927,4
0,6.711,2193,0,2,13.2825,1
1,7.123,6753,1,9,36.2449,1
0,5.5,8,0,0,32.3442,4
0,6.44,50,0,1,13.7859,1
0,7.0,356,0,1,10.4176,3
1,6.383,7566,1,15,12.3193,1
1,8.747,81,1,1,11.6492,3
0,6.115,1681,0,2,11.2287,2
1,8.7,21547,1,53,32.4139,2
0,5.719,32,0,1,34.6663,4
0,6.7,163,0,0,21.5812,2
2,6.518,8622,1,20,9.613,5
0,10.0,1,0,83,9.061,3
0,5.361,83,0,0,12.2676,1
0,7.293,10451,0,16,10.8823,1
0,6.791,572,0,1,9.4533,4
0,6.956,2895,0,2,9.0813,5
2,7.02,13630,1,13,12.6409,4
1,8.282,4553,1,57,12.6178,4
0,6.86,6587,0,3,11.283,3
1,7.201,867,1,0,223.2411,3
0,5.278,18,0,9,31.3749,2
1,6.435,729,1,22,12.2641,4
1,8.1,8270,1,37,13.3967,3
0,6.453,245,0,0,10.8899,3
0,7.418,3381,0,5,7.6742,1
0,6.929,560,0,0,334.9235,3
0,6.947,3603,0,12,9.3742,4
1,6.853,3149,1,7,10.4891,4
0,6.518,8622,0,20,9.613,3
0,7.0,44,0,0,14.4017,4
0,7.123,6753,0,9,36.2449,2
0,6.11,4677,0,9,8.251,2
0,8.115,12331,0,8,10.9633,5
0,7.0,2,0,2,9.4051,5
0,7.123,6753,0,9,36.2449,1
1,6.912,11153,1,20,13.7009,2
0,6.406,3607,0,6,10.4981,2
0,7.5,7605,0,28,12.1287,3
0,7.845,13502,0,15,88.7854,2
0,4.834,338,0,18,9.1875,1
0,7.9,6,0,0,10.2061,5
0,7.137,73,0,0,37.2115,5
0,6.146,206,0,0,24.8698,1
0,6.51,673,0,1,9.8351,2
0,6.5,11,0,10,10.3121,4
1,7.34,9458,1,16,9.4601,3
1,6.81,63,1,0,44.2599,2
0,6.605,3112,0,2,15.8529,1
1,6.7,13,1,0,12.8385,2
0,7.428,13941,0,6,11.5234,2
1,6.135,4167,1,19,27.5652,3
0,6.831,1829,0,1,8.9196,1
1,7.417,12,1,0,12.1754,2
1,6.862,4190,1,7,8.6744,3
0,6.836,5424,0,34,8.7524,4
1,7.713,2698,1,1,59.8805,1
1,7.147,2346,1,24,9.5193,4
1,6.9,195,1,1,31.5548,1
1,8.108,10808,1,5,11.3557,4
0,6.559,14346,0,14,15.143,4
0,8.183,26825,0,13,13.0766,2
0,7.447,23184,0,9,15.249,4
0,6.2,88,0,2,10.8943,5
0,6.076,13188,0,8,9.4961,3
1,8.346,7641,1,2,26.5544,5
0,6.883,4474,0,37,9.6875,1
1,8.712,28453,1,31,31.6394,4
0,6.222,9,0,5,19.3577,1
0,6.376,6005,0,4,9.4133,4
1,8.092,2941,1,15,9.1148,5
1,6.024,6446,1,21,8.8554,3
0,6.033,121,0,14,20.1399,3
0,6.929,4184,0,21,13.7097,1
1,4.059,17,1,1,8.5823,3
0,6.453,245,0,0,10.8899,3
0,6.9,151,0,0,68.2342,2
0,7.045,3000,0,21,10.3028,1
1,6.849,21491,1,15,15.7331,1
0,6.287,4404,0,22,25.1266,3
0,8.375,4,0,2,22.0703,5
0,8.365,312,0,5,8.8543,4
1,6.397,428,1,1,9.5653,4
0,5.3,11,0,1,9.6946,2
0,6.132,38,0,0,40.6273,2
0,6.418,79,0,0,83.3835,2
0,7.529,15621,0,11,12.0083,4
0,7.918,1496,0,3,8.5415,4
1,7.245,604,1,2,10.9997,4
0,5.5,8,0,0,32.3442,2
0,6.934,3292,0,2,10.3134,1
2,6.6,7,1,1,11.1609,5
0,8.237,30632,0,7,33.8999,4
0,6.628,623,0,1,17.7598,5
1,7.903,16128,1,42,10.0584,4
0,8.0,12816,0,6,8.9942,3
0,8.571,13011,0,51,17.7204,2
1,6.794,936,1,4,10.6702,5
1,0.0,0,1,0,8.7805,1
1,6.283,664,1,4,14.9847,2
0,6.835,8961,0,6,12.3351,1
0,8.0,2,0,0,12.2386,5
0,8.375,4,0,2,22.0703,2
1,4.446,37,1,45,9.5794,5
1,4.25,8,1,1,9.8324,3
0,7.363,13651,0,23,16.3873,5
0,6.519,13592,0,11,12.0128,1
1,8.165,15353,1,46,17.8384,2
1,6.28,3470,1,35,9.9724,3
0,7.008,3083,0,2,12.4878,4
1,7.584,21189,1,8,14.2372,5
1,8.0,3,1,2,327.0199,3
0,7.143,14,0,1,19.927,4
0,7.0,3,0,0,10.2334,5
1,6.129,7066,1,25,13.4664,2
0,7.616,18319,0,9,13.6101,2
0,5.787,9495,0,20,8.3104,1
0,6.41,7967,0,3,12.3231,3
0,6.747,4269,0,24,9.0959,5
0,7.8,555,0,1,8.1649,5
0,7.8,17561,0,18,18.6812,2
1,7.227,4942,1,2,19.7435,5
0,7.237,19389,0,8,16.6771,5
0,7.851,10467,0,36,10.0763,1
0,5.918,6906,0,11,11.4432,1
1,7.441,11031,1,6,17.8098,1
0,7.163,10481,0,21,15.0318,4
2,7.145,4751,1,1,40.892,5
0,7.032,5537,0,7,11.1451,5
0,5.719,32,0,1,34.6663,2
0,6.7,13,0,0,12.8385,1
0,6.1,60,0,0,16.634,5
1,7.924,7454,1,4,12.877,5
1,7.773,1804,1,3,13.368,1
1,7.395,11517,1,17,12.8799,3
1,7.315,19094,1,9,10.8484,4
1,6.383,7566,1,15,12.3193,3
1,6.691,1269,1,0,105.6752,1
0,7.447,23184,0,9,15.249,3
1,6.861,6807,1,5,8.5853,3
0,7.405,11425,0,25,10.7078,4
2,6.652,12262,1,8,10.9314,4
0,8.089,559,0,1,22.267,4
0,6.924,7216,0,12,11.3686,5
1,6.5,57,1,1,16.7945,5
0,6.957,10643,0,8,9.5476,1
1,0.0,0,1,0,16.8555,3
1,5.917,619,1,1,12.2187,1
2,6.682,2828,1,2,9.9626,5
0,6.828,16592,0,7,16.4864,5
0,5.488,85,0,2,8.2613,1
0,6.28,3470,0,35,9.9724,3
0,7.977,16142,0,23,14.2121,1
0,7.833,630,0,3,8.5328,2
0,8.426,27,0,0,95.2883,5
0,8.377,15698,0,11,15.601,3
1,5.556,531,1,21,9.1749,4
0,7.753,10838,0,19,10.5646,1
1,7.476,10029,1,6,11.4379,4
0,8.301,15268,0,31,14.37,5
1,7.363,13651,1,23,16.3873,4
0,4.0,1,0,3,9.7562,1
1,7.8,21225,1,20,23.5277,1
2,5.787,9495,1,20,8.3104,3
0,8.712,28453,0,31,31.6394,4
0,7.371,7938,0,37,8.6815,3
0,0.0,0,0,0,12.1567,1
1,7.4,2211,1,1,50.1532,2
1,4.923,52,1,0,54.1654,1
0,7.638,120,0,2,11.5921,4
0,7.218,5797,0,16,13.6414,3
0,8.468,28302,0,31,20.8136,3
1,7.757,1416,1,3,9.5639,4
1,5.8,60,1,23,10.2162,1
0,5.083,12,0,9,8.6794,1
1,10.0,1,1,0,12.1884,2
0,7.382,3189,0,33,8.6373,2
0,7.308,9961,0,5,14.7923,4
0,7.0,44,0,0,14.4017,5
0,8.564,16485,0,32,14.575,5
0,5.787,9495,0,20,8.3104,4
0,7.351,8066,0,36,11.9942,3
0,7.6,5787,0,19,11.1453,1
2,7.903,16128,1,42,10.0584,5
1,7.153,7070,1,16,9.0926,1
0,8.092,15487,0,21,13.8272,3
0,7.54,11900,0,12,21.3824,2
2,6.443,7538,1,8,9.4623,2
0,5.85,1076,0,1,15.1082,3
0,5.9,11,0,5,13.9882,5
0,7.059,2293,0,1,28.0248,2
1,6.8,10940,1,9,8.7202,3
0,8.159,15363,0,19,10.3975,2
0,6.711,2193,0,2,13.2825,1
1,7.397,6964,1,26,10.9687,4
2,7.8,15008,1,15,13.7846,4
1,7.363,13651,1,23,16.3873,1
0,8.18,2051,0,1,35.7788,3
0,7.248,9937,0,6,12.503,2
1,5.78,4693,1,16,8.5007,3
1,5.8,60,1,23,10.2162,2
0,6.853,3149,0,7,10.4891,3
0,7.367,3242,0,3,16.1675,5
1,7.748,16736,1,9,23.7608,3
2,6.5,4270,1,11,11.0572,5
0,6.9,44,0,0,16.2761,5
0,7.26,19796,0,10,12.0381,1
0,7.33,22260,0,8,18.2811,5
1,7.675,9875,1,11,73.0311,4
2,6.407,8660,1,5,10.9669,2
0,6.3,20,0,0,12.3584,4
1,6.914,892,1,0,38.4793,5
0,5.1,15,0,33,14.5507,2
1,6.944,9351,1,26,14.1136,1
1,7.085,436,1,3,9.67,5
1,5.85,1076,1,1,15.1082,1
2,6.276,5313,1,2,9.5688,5
0,8.488,28771,0,31,18.1651,3
0,6.2,33,0,0,9.9317,3
1,7.763,32084,1,13,32.0941,5
1,6.157,8921,1,8,11.7133,2
0,6.55,1017,0,4,12.4194,5
0,7.221,5226,0,15,9.0515,2
0,8.002,8336,0,6,8.8802,5
0,7.393,12349,0,19,14.0945,4
0,8.0,4,0,0,29.7654,3
0,6.887,8068,0,20,9.9146,3
0,8.051,557,0,0,345.6187,2
0,6.37,2797,0,22,10.3425,5
0,5.903,1729,0,3,32.793,1
0,5.99,9381,0,16,10.9478,4
1,7.052,1376,1,1,16.9578,3
0,5.941,17,0,0,34.7379,1
0,7.669,6502,0,16,8.8263,3
0,7.406,7604,0,10,9.5291,4
0,7.469,6855,0,4,9.8559,5
0,6.851,255,0,0,11.0922,3
1,6.3,150,1,1,11.0058,2
1,6.0,4985,1,18,9.5101,4
0,5.917,619,0,1,12.2187,1
1,7.8,3711,1,2,63.5018,4
0,6.0,1,0,0,13.1245,2
1,7.0,9353,1,27,10.885,4
0,8.209,4106,0,5,13.246,2
0,7.243,167,0,1,9.2048,1
0,7.613,22038,0,8,14.3595,1
0,6.395,6309,0,15,16.0871,5
0,5.918,6906,0,11,11.4432,2
2,7.087,4229,1,1,21.3922,5
0,5.708,36,0,0,9.5226,3
1,8.18,2051,1,1,35.7788,1
0,6.088,17,0,0,17.3214,3
0,7.781,13629,0,4,21.8334,1
1,5.981,18322,1,9,15.7389,3
0,6.0,84,0,0,8.8289,3
0,6.4,137,0,0,25.8193,3
1,6.588,182,1,0,32.9579,4
1,8.75,4,1,1,15.3191,1
1,6.516,17636,1,12,10.5584,4
1,7.893,8410,1,16,27.5645,3
0,8.073,1282,0,1,18.1084,5
0,6.362,29,0,0,17.7219,5
0,7.63,14243,0,11,9.3508,3
0,8.377,15698,0,11,15.601,3
0,6.261,211,0,0,11.9311,3
1,6.46,841,1,0,39.5173,2
0,8.511,408,0,0,14.8404,4
0,6.689,747,0,1,13.9613,2
0,6.345,653,0,0,12.3767,1
0,6.615,48,0,0,49.1092,2
1,7.398,14606,1,7,10.0941,1
0,5.8,8,0,3,44.9732,5
0,6.518,8622,0,20,9.613,2
1,5.559,17,1,0,10.8657,5
1,7.384,2033,1,2,17.5865,3
1,5.0,1,1,1,32.9694,1
0,0.0,0,0,0,20.1309,1
1,6.585,6540,1,10,9.0148,4
1,0.0,0,1,0,20.1309,4
0,7.406,7604,0,10,9.5291,5
0,8.564,16485,0,32,14.575,2
1,6.689,747,1,1,13.9613,2
0,7.338,3315,0,5,8.7228,4
1,7.364,6551,1,4,10.236,2
0,6.141,4440,0,12,12.5893,5
1,7.59,32317,1,16,20.7794,2
0,6.045,22,0,1,18.131,1
0,6.415,3079,0,45,8.6323,4
0,5.9,4440,0,23,63.3145,5
0,7.107,7495,0,20,11.2358,1
0,6.2,189,0,0,25.7918,2
0,6.914,13007,0,11,11.2227,2
2,7.044,5285,1,15,8.9479,4
0,7.059,2293,0,1,28.0248,5
0,7.08,225,0,9,14.0384,1
0,6.929,560,0,0,334.9235,1
0,7.293,10451,0,16,10.8823,4
0,6.7,74,0,1,16.4691,5
1,6.763,19,1,0,16.2542,1
0,0.0,0,0,4,7.5111,1
1,6.711,9949,1,19,10.0697,1
0,5.8,5,0,0,9.6984,5
0,6.5,4270,0,11,11.0572,1
1,7.362,2603,1,4,10.0133,2
0,6.276,5313,0,2,9.5688,4
1,7.047,5201,1,27,12.5414,1
0,7.237,19389,0,8,16.6771,5
1,7.418,3381,1,5,7.6742,5
0,6.741,1088,0,1,22.2983,1
0,0.0,0,0,-2,19.6983,1
0,5.628,43,0,0,38.8477,1
0,5.9,8,0,0,13.5751,4
0,7.243,167,0,1,9.2048,4
0,6.342,2698,0,7,11.2424,4
2,6.746,4721,1,4,10.1121,5
0,7.105,2654,0,2,10.4277,5
0,6.0,4,0,1,14.4796,2
0,5.8,8,0,3,44.9732,2
2,8.002,8336,1,6,8.8802,5
0,7.053,3381,0,2,11.6097,1
0,5.4,53,0,2,15.6657,1
1,8.127,13370,1,34,13.8047,2
1,6.544,1973,1,10,10.0097,1
1,5.559,17,1,0,10.8657,5
2,6.914,13007,1,11,11.2227,5
0,7.262,3903,0,37,9.6492,1
0,7.406,7604,0,10,9.5291,2
0,6.315,46,0,1,8.5915,5
0,7.609,11784,0,15,18.8348,5
0,7.524,21,0,1,8.8337,5
1,7.8,2776,1,2,12.0279,2
0,7.584,21189,0,8,14.2372,2
2,7.746,4465,1,17,9.2927,4
0,7.669,10790,0,50,26.0438,1
2,6.855,6039,1,8,13.13,5
1,7.75,6643,1,6,60.3108,4
0,6.519,13592,0,11,12.0128,1
2,7.008,3083,1,2,12.4878,5
1,7.33,6263,1,38,12.0587,1
1,7.994,17380,1,11,11.5563,5
0,6.521,872,0,1,12.614,4
2,7.061,3111,1,1,37.2404,4
0,6.689,747,0,1,13.9613,2
0,8.227,26472,0,26,22.2529,1
0,7.253,821,0,1,12.0519,1
0,7.075,2485,0,1,91.1579,4
1,7.19,17399,1,11,26.7167,4
1,7.306,4937,1,18,10.7862,1
1,6.342,2698,1,7,11.2424,2
0,6.797,4184,0,24,10.2653,4
0,7.4,1141,0,0,85.2164,5
1,8.165,15353,1,46,17.8384,5
1,7.468,2915,1,21,9.5112,2
1,5.556,531,1,21,9.1749,4
0,4.5,52,0,1,8.4398,2
1,6.633,15462,1,12,12.2416,4
0,6.0,35,0,0,9.0128,4
0,7.131,10948,0,20,28.2483,1
0,5.6,5,0,0,13.8776,4
1,6.11,4677,1,9,8.251,1
0,6.4,34,0,0,9.6911,4
0,7.037,493,0,2,11.7443,2
0,6.261,211,0,0,11.9311,2
1,7.338,3315,1,5,8.7228,5
0,8.379,9560,0,23,9.5085,2
0,7.061,3111,0,1,37.2404,2
0,7.418,3381,0,5,7.6742,5
2,7.588,16064,1,7,13.2624,5
1,8.0,4,1,0,29.7654,1
0,7.539,12336,0,11,20.3807,2
0,10.0,1,0,0,12.1884,5
0,6.056,9,0,0,11.2839,5
0,7.074,34,0,0,47.4173,4
2,6.059,185,1,0,17.1956,5
0,7.046,6859,0,75,12.2397,4
0,8.115,12331,0,8,10.9633,5
0,7.1,6572,0,41,8.131,2
0,6.222,9,0,5,19.3577,4
0,0.0,0,0,2,11.1906,1
0,6.894,207,0,1,43.4367,4
0,7.94,14189,0,43,10.3528,2
0,8.6,39,0,0,16.0136,1
1,5.7,267,1,25,12.7317,2
0,5.638,134,0,1,13.4327,1
2,3.6,31,1,38,26.2882,2
0,6.8,36,0,1,18.3959,1
1,7.295,3755,1,3,10.302,2
